Fechas,Difusa_Avg
7/4/17 0:00,0.078
7/4/17 1:00,-0.112
7/4/17 2:00,-0.542
7/4/17 3:00,-0.709
7/4/17 4:00,-0.704
7/4/17 5:00,-0.415
7/4/17 6:00,-2.136
7/4/17 7:00,-1.35
7/4/17 8:00,-0.821
7/4/17 9:00,-1.985
7/4/17 10:00,-1.291
7/4/17 11:00,-0.973
7/4/17 12:00,-0.204
7/4/17 13:00,12.06
7/4/17 14:00,26.23
7/4/17 15:00,28.83
7/4/17 16:00,39.91
7/4/17 17:00,99.4
7/4/17 18:00,130.3
7/4/17 19:00,229
7/4/17 20:00,137.4
7/4/17 21:00,69.75
7/4/17 22:00,25.6
7/4/17 23:00,-0.987
7/5/17 0:00,-0.909
7/5/17 1:00,-1.097
7/5/17 2:00,-1.007
7/5/17 3:00,-1.099
7/5/17 4:00,-1.106
7/5/17 5:00,-1.161
7/5/17 6:00,-1.101
7/5/17 7:00,-1.653
7/5/17 8:00,-1.537
7/5/17 9:00,-1.414
7/5/17 10:00,-1.163
7/5/17 11:00,-0.232
7/5/17 12:00,-0.441
7/5/17 13:00,15.86
7/5/17 14:00,45.62
7/5/17 15:00,62.69
7/5/17 16:00,58.14
7/5/17 17:00,72.68
7/5/17 18:00,62.86
7/5/17 19:00,55.71
7/5/17 20:00,53.56
7/5/17 21:00,29.23
7/5/17 22:00,3.251
7/5/17 23:00,-0.809
7/6/17 0:00,-0.231
7/6/17 1:00,-1.011
7/6/17 2:00,-0.419
7/6/17 3:00,-0.098
7/6/17 4:00,-0.652
7/6/17 5:00,-0.524
7/6/17 6:00,-0.057
7/6/17 7:00,-0.606
7/6/17 8:00,-2.012
7/6/17 9:00,-0.32
7/6/17 10:00,0.062
7/6/17 11:00,-0.923
7/6/17 12:00,-1.065
7/6/17 13:00,26.31
7/6/17 14:00,105.6
7/6/17 15:00,86.4
7/6/17 16:00,125.4
7/6/17 17:00,223
7/6/17 18:00,231.4
7/6/17 19:00,191.8
7/6/17 20:00,121.8
7/6/17 21:00,68.44
7/6/17 22:00,14.81
7/6/17 23:00,-0.753
7/7/17 0:00,-0.675
7/7/17 1:00,-0.244
7/7/17 2:00,-0.445
7/7/17 3:00,-1.108
7/7/17 4:00,-0.948
7/7/17 5:00,-1.044
7/7/17 6:00,-1.387
7/7/17 7:00,-0.732
7/7/17 8:00,-0.676
7/7/17 9:00,0.004
7/7/17 10:00,-0.701
7/7/17 11:00,-0.624
7/7/17 12:00,-0.015
7/7/17 13:00,29.77
7/7/17 14:00,96.7
7/7/17 15:00,126.9
7/7/17 16:00,84.4
7/7/17 17:00,61.54
7/7/17 18:00,56.35
7/7/17 19:00,52.62
7/7/17 20:00,47.03
7/7/17 21:00,36.08
7/7/17 22:00,8.82
7/7/17 23:00,-1.95
7/8/17 0:00,-0.938
7/8/17 1:00,-1.296
7/8/17 2:00,-1.258
7/8/17 3:00,-1.005
7/8/17 4:00,-0.759
7/8/17 5:00,-1.222
7/8/17 6:00,-0.824
7/8/17 7:00,-0.947
7/8/17 8:00,-1.801
7/8/17 9:00,-0.452
7/8/17 10:00,-0.793
7/8/17 11:00,-0.312
7/8/17 12:00,-0.508
7/8/17 13:00,16.62
7/8/17 14:00,72.41
7/8/17 15:00,103.1
7/8/17 16:00,217.4
7/8/17 17:00,222.2
7/8/17 18:00,129.8
7/8/17 19:00,132.3
7/8/17 20:00,119.4
7/8/17 21:00,89
7/8/17 22:00,13.03
7/8/17 23:00,-1.53
7/9/17 0:00,-0.86
7/9/17 1:00,-0.991
7/9/17 2:00,-0.893
7/9/17 3:00,-1.361
7/9/17 4:00,-0.534
7/9/17 5:00,-1.291
7/9/17 6:00,-0.965
7/9/17 7:00,-0.826
7/9/17 8:00,-0.941
7/9/17 9:00,-1.048
7/9/17 10:00,-0.841
7/9/17 11:00,-0.801
7/9/17 12:00,-0.521
7/9/17 13:00,35.28
7/9/17 14:00,103.4
7/9/17 15:00,175.6
7/9/17 16:00,202.5
7/9/17 17:00,235.7
7/9/17 18:00,235.3
7/9/17 19:00,197.9
7/9/17 20:00,150
7/9/17 21:00,93.1
7/9/17 22:00,24.17
7/9/17 23:00,-1.834
7/10/17 0:00,-1.071
7/10/17 1:00,-2.031
7/10/17 2:00,-1.059
7/10/17 3:00,-1.409
7/10/17 4:00,-1.384
7/10/17 5:00,-1.405
7/10/17 6:00,-1.034
7/10/17 7:00,-1.338
7/10/17 8:00,-1.121
7/10/17 9:00,-1.051
7/10/17 10:00,-0.438
7/10/17 11:00,-1.285
7/10/17 12:00,0.273
7/10/17 13:00,20.19
7/10/17 14:00,55.25
7/10/17 15:00,149
7/10/17 16:00,221.9
7/10/17 17:00,171.2
7/10/17 18:00,151.8
7/10/17 19:00,115.8
7/10/17 20:00,93.7
7/10/17 21:00,75.66
7/10/17 22:00,22.61
7/10/17 23:00,-2.176
7/11/17 0:00,-1.783
7/11/17 1:00,-1.242
7/11/17 2:00,-0.851
7/11/17 3:00,-1.07
7/11/17 4:00,-1.247
7/11/17 5:00,-1.149
7/11/17 6:00,-0.928
7/11/17 7:00,-1.299
7/11/17 8:00,-1.348
7/11/17 9:00,-1.257
7/11/17 10:00,-1.155
7/11/17 11:00,-1.412
7/11/17 12:00,0.357
7/11/17 13:00,25.12
7/11/17 14:00,57.27
7/11/17 15:00,63.82
7/11/17 16:00,69.17
7/11/17 17:00,76.45
7/11/17 18:00,58.84
7/11/17 19:00,52.5
7/11/17 20:00,45.09
7/11/17 21:00,37.94
7/11/17 22:00,13.29
7/11/17 23:00,-2.473
7/12/17 0:00,-1.017
7/12/17 1:00,-1.125
7/12/17 2:00,-1.492
7/12/17 3:00,-1.389
7/12/17 4:00,-1.139
7/12/17 5:00,-1.258
7/12/17 6:00,-0.921
7/12/17 7:00,-1.222
7/12/17 8:00,-1.194
7/12/17 9:00,-0.746
7/12/17 10:00,-0.609
7/12/17 11:00,-1.603
7/12/17 12:00,-0.321
7/12/17 13:00,17.28
7/12/17 14:00,60.95
7/12/17 15:00,103.3
7/12/17 16:00,138.2
7/12/17 17:00,198.1
7/12/17 18:00,209.4
7/12/17 19:00,230.1
7/12/17 20:00,178.5
7/12/17 21:00,95.2
7/12/17 22:00,5.465
7/12/17 23:00,-0.701
7/13/17 0:00,-1.133
7/13/17 1:00,-0.862
7/13/17 2:00,-0.543
7/13/17 3:00,-1.571
7/13/17 4:00,-0.907
7/13/17 5:00,-0.903
7/13/17 6:00,-1.226
7/13/17 7:00,-1.371
7/13/17 8:00,0.004
7/13/17 9:00,0.471
7/13/17 10:00,-0.169
7/13/17 11:00,-0.716
7/13/17 12:00,-0.698
7/13/17 13:00,5.182
7/13/17 14:00,28.18
7/13/17 15:00,141.4
7/13/17 16:00,294
7/13/17 17:00,277.8
7/13/17 18:00,199.9
7/13/17 19:00,169.3
7/13/17 20:00,77.18
7/13/17 21:00,32.72
7/13/17 22:00,7.324
7/13/17 23:00,-0.407
7/14/17 0:00,-0.699
7/14/17 1:00,-0.702
7/14/17 2:00,-0.614
7/14/17 3:00,-0.656
7/14/17 4:00,-0.699
7/14/17 5:00,-0.919
7/14/17 6:00,-0.65
7/14/17 7:00,-0.68
7/14/17 8:00,-0.723
7/14/17 9:00,-0.806
7/14/17 10:00,-1.112
7/14/17 11:00,-1.186
7/14/17 12:00,-0.067
7/14/17 13:00,49.65
7/14/17 14:00,108.7
7/14/17 15:00,176.6
7/14/17 16:00,214.9
7/14/17 17:00,217.1
7/14/17 18:00,185.5
7/14/17 19:00,169.8
7/14/17 20:00,116.3
7/14/17 21:00,64.6
7/14/17 22:00,23.09
7/14/17 23:00,-1.252
7/15/17 0:00,-0.724
7/15/17 1:00,-0.477
7/15/17 2:00,-0.398
7/15/17 3:00,-0.643
7/15/17 4:00,-1.37
7/15/17 5:00,-1.086
7/15/17 6:00,-0.254
7/15/17 7:00,-1.683
7/15/17 8:00,-0.553
7/15/17 9:00,-0.34
7/15/17 10:00,0.393
7/15/17 11:00,0.426
7/15/17 12:00,-0.377
7/15/17 13:00,10.49
7/15/17 14:00,106.4
7/15/17 15:00,168.7
7/15/17 16:00,184
7/15/17 17:00,176.6
7/15/17 18:00,185.3
7/15/17 19:00,203.5
7/15/17 20:00,166
7/15/17 21:00,78.19
7/15/17 22:00,34.37
7/15/17 23:00,-0.93
7/16/17 0:00,-0.741
7/16/17 1:00,-0.451
7/16/17 2:00,-1.05
7/16/17 3:00,-0.609
7/16/17 4:00,-0.03
7/16/17 5:00,-1.068
7/16/17 6:00,-0.705
7/16/17 7:00,-0.309
7/16/17 8:00,-0.628
7/16/17 9:00,-0.654
7/16/17 10:00,-0.446
7/16/17 11:00,-1.882
7/16/17 12:00,-0.238
7/16/17 13:00,29.7
7/16/17 14:00,77.44
7/16/17 15:00,115.5
7/16/17 16:00,96.6
7/16/17 17:00,87.6
7/16/17 18:00,83.8
7/16/17 19:00,67.09
7/16/17 20:00,48.49
7/16/17 21:00,35.24
7/16/17 22:00,14.36
7/16/17 23:00,-2.2
7/17/17 0:00,-1.904
7/17/17 1:00,-1.828
7/17/17 2:00,-1.766
7/17/17 3:00,-1.602
7/17/17 4:00,-1.259
7/17/17 5:00,-1.212
7/17/17 6:00,-1.242
7/17/17 7:00,-2.067
7/17/17 8:00,-1.671
7/17/17 9:00,-1.963
7/17/17 10:00,-1.518
7/17/17 11:00,-1.729
7/17/17 12:00,-0.16
7/17/17 13:00,23.22
7/17/17 14:00,39.01
7/17/17 15:00,45.99
7/17/17 16:00,50.52
7/17/17 17:00,55.73
7/17/17 18:00,56.6
7/17/17 19:00,58.78
7/17/17 20:00,54.11
7/17/17 21:00,42.81
7/17/17 22:00,15.42
7/17/17 23:00,-2.98
7/18/17 0:00,-2.191
7/18/17 1:00,-1.691
7/18/17 2:00,-1.36
7/18/17 3:00,-1.864
7/18/17 4:00,-1.529
7/18/17 5:00,-1.282
7/18/17 6:00,-2.316
7/18/17 7:00,-1.313
7/18/17 8:00,-1.652
7/18/17 9:00,-1.506
7/18/17 10:00,-1.001
7/18/17 11:00,-1.189
7/18/17 12:00,0.135
7/18/17 13:00,20.41
7/18/17 14:00,36.07
7/18/17 15:00,42.86
7/18/17 16:00,47.91
7/18/17 17:00,53.11
7/18/17 18:00,55.98
7/18/17 19:00,53.57
7/18/17 20:00,46.69
7/18/17 21:00,37.28
7/18/17 22:00,13.3
7/18/17 23:00,-3.053
7/19/17 0:00,-2.204
7/19/17 1:00,-1.868
7/19/17 2:00,-1.982
7/19/17 3:00,-1.704
7/19/17 4:00,-1.427
7/19/17 5:00,-1.874
7/19/17 6:00,-0.995
7/19/17 7:00,-1.177
7/19/17 8:00,-2.214
7/19/17 9:00,-1.186
7/19/17 10:00,-0.879
7/19/17 11:00,-1.874
7/19/17 12:00,0.199
7/19/17 13:00,20.6
7/19/17 14:00,37.55
7/19/17 15:00,48.55
7/19/17 16:00,53.47
7/19/17 17:00,61.6
7/19/17 18:00,75.2
7/19/17 19:00,72.76
7/19/17 20:00,60.55
7/19/17 21:00,44.89
7/19/17 22:00,13.18
7/19/17 23:00,-2.052
7/20/17 0:00,-2.969
7/20/17 1:00,-2.27
7/20/17 2:00,-1.96
7/20/17 3:00,-2.359
7/20/17 4:00,-1.421
7/20/17 5:00,-1.566
7/20/17 6:00,-1.262
7/20/17 7:00,-1.538
7/20/17 8:00,-1.854
7/20/17 9:00,-1.029
7/20/17 10:00,-1.164
7/20/17 11:00,-2.395
7/20/17 12:00,0.382
7/20/17 13:00,28.22
7/20/17 14:00,46.44
7/20/17 15:00,55.84
7/20/17 16:00,65.89
7/20/17 17:00,68.65
7/20/17 18:00,71.93
7/20/17 19:00,58.73
7/20/17 20:00,53.15
7/20/17 21:00,42.4
7/20/17 22:00,16.12
7/20/17 23:00,-2.479
7/21/17 0:00,-2.708
7/21/17 1:00,-1.977
7/21/17 2:00,-2.098
7/21/17 3:00,-1.785
7/21/17 4:00,-1.543
7/21/17 5:00,-1.512
7/21/17 6:00,-1.652
7/21/17 7:00,-1.313
7/21/17 8:00,-3.158
7/21/17 9:00,-0.819
7/21/17 10:00,-1.213
7/21/17 11:00,-2.677
7/21/17 12:00,0.852
7/21/17 13:00,24.57
7/21/17 14:00,40.9
7/21/17 15:00,54.44
7/21/17 16:00,61.15
7/21/17 17:00,72.64
7/21/17 18:00,69.36
7/21/17 19:00,63.99
7/21/17 20:00,62.26
7/21/17 21:00,49.73
7/21/17 22:00,17.63
7/21/17 23:00,-2.191
7/22/17 0:00,-2.058
7/22/17 1:00,-1.845
7/22/17 2:00,-1.635
7/22/17 3:00,-1.199
7/22/17 4:00,-1.563
7/22/17 5:00,-0.742
7/22/17 6:00,0
7/22/17 7:00,-0.036
7/22/17 8:00,0.042
7/22/17 9:00,-0.354
7/22/17 10:00,-0.698
7/22/17 11:00,-0.622
7/22/17 12:00,0.024
7/22/17 13:00,5.887
7/22/17 14:00,14.21
7/22/17 15:00,16.41
7/22/17 16:00,24.45
7/22/17 17:00,43.42
7/22/17 18:00,53.17
7/22/17 19:00,81.4
7/22/17 20:00,89.2
7/22/17 21:00,57.03
7/22/17 22:00,11.74
7/22/17 23:00,-0.304
7/23/17 0:00,-0.633
7/23/17 1:00,-0.696
7/23/17 2:00,-0.497
7/23/17 3:00,-0.325
7/23/17 4:00,-0.047
7/23/17 5:00,-1.063
7/23/17 6:00,-0.467
7/23/17 7:00,0.168
7/23/17 8:00,-0.907
7/23/17 9:00,-1.192
7/23/17 10:00,-0.824
7/23/17 11:00,-0.725
7/23/17 12:00,0.683
7/23/17 13:00,36.77
7/23/17 14:00,87.6
7/23/17 15:00,54.73
7/23/17 16:00,61.92
7/23/17 17:00,94.9
7/23/17 18:00,92
7/23/17 19:00,90.4
7/23/17 20:00,72.1
7/23/17 21:00,32.33
7/23/17 22:00,10.92
7/23/17 23:00,-0.513
7/24/17 0:00,-0.804
7/24/17 1:00,-1.413
7/24/17 2:00,-1.003
7/24/17 3:00,-1.046
7/24/17 4:00,-0.466
7/24/17 5:00,-0.61
7/24/17 6:00,-0.688
7/24/17 7:00,-0.002
7/24/17 8:00,-0.501
7/24/17 9:00,-1.161
7/24/17 10:00,-0.868
7/24/17 11:00,-0.094
7/24/17 12:00,1.052
7/24/17 13:00,13.52
7/24/17 14:00,58.48
7/24/17 15:00,119.2
7/24/17 16:00,170.7
7/24/17 17:00,238.1
7/24/17 18:00,182.2
7/24/17 19:00,148.5
7/24/17 20:00,118.2
7/24/17 21:00,78.29
7/24/17 22:00,25.9
7/24/17 23:00,-2
7/25/17 0:00,-1.789
7/25/17 1:00,-1.082
7/25/17 2:00,-1.218
7/25/17 3:00,-1.479
7/25/17 4:00,-1.157
7/25/17 5:00,-1.144
7/25/17 6:00,-1.082
7/25/17 7:00,-1.062
7/25/17 8:00,-1.036
7/25/17 9:00,-1.022
7/25/17 10:00,-1.274
7/25/17 11:00,-1.076
7/25/17 12:00,0.967
7/25/17 13:00,32.37
7/25/17 14:00,93.3
7/25/17 15:00,127.7
7/25/17 16:00,169.3
7/25/17 17:00,146
7/25/17 18:00,97.9
7/25/17 19:00,93.2
7/25/17 20:00,76
7/25/17 21:00,50.54
7/25/17 22:00,20.19
7/25/17 23:00,-2.227
7/26/17 0:00,-1.9
7/26/17 1:00,-1.152
7/26/17 2:00,-1.092
7/26/17 3:00,-0.988
7/26/17 4:00,-1.034
7/26/17 5:00,-1.599
7/26/17 6:00,-1.03
7/26/17 7:00,-1.386
7/26/17 8:00,-1.583
7/26/17 9:00,-1.053
7/26/17 10:00,-1.246
7/26/17 11:00,-1.746
7/26/17 12:00,1.084
7/26/17 13:00,30.79
7/26/17 14:00,50.65
7/26/17 15:00,62.45
7/26/17 16:00,65.58
7/26/17 17:00,75.44
7/26/17 18:00,80.2
7/26/17 19:00,81.1
7/26/17 20:00,74.08
7/26/17 21:00,58.12
7/26/17 22:00,28.2
7/26/17 23:00,-2.028
7/27/17 0:00,-3.052
7/27/17 1:00,-2.485
7/27/17 2:00,-2.005
7/27/17 3:00,-1.94
7/27/17 4:00,-1.545
7/27/17 5:00,-1.479
7/27/17 6:00,-1.838
7/27/17 7:00,-0.696
7/27/17 8:00,-1.567
7/27/17 9:00,-1.838
7/27/17 10:00,-1.098
7/27/17 11:00,-1.036
7/27/17 12:00,2.906
7/27/17 13:00,49.59
7/27/17 14:00,75.72
7/27/17 15:00,104.7
7/27/17 16:00,172.6
7/27/17 17:00,140.4
7/27/17 18:00,130.4
7/27/17 19:00,164.5
7/27/17 20:00,131.5
7/27/17 21:00,71.79
7/27/17 22:00,31.62
7/27/17 23:00,-1.866
7/28/17 0:00,-1.83
7/28/17 1:00,-1.528
7/28/17 2:00,-0.81
7/28/17 3:00,-1.296
7/28/17 4:00,-1.971
7/28/17 5:00,-1.445
7/28/17 6:00,-0.981
7/28/17 7:00,-0.786
7/28/17 8:00,-0.938
7/28/17 9:00,-0.927
7/28/17 10:00,-1.508
7/28/17 11:00,-0.932
7/28/17 12:00,2.366
7/28/17 13:00,44.76
7/28/17 14:00,125.9
7/28/17 15:00,172.7
7/28/17 16:00,198.9
7/28/17 17:00,146.6
7/28/17 18:00,139.9
7/28/17 19:00,151.7
7/28/17 20:00,173.8
7/28/17 21:00,105.9
7/28/17 22:00,30.68
7/28/17 23:00,-1.324
7/29/17 0:00,-1.423
7/29/17 1:00,-1.253
7/29/17 2:00,-1.086
7/29/17 3:00,-1.16
7/29/17 4:00,-1.183
7/29/17 5:00,-0.926
7/29/17 6:00,-1.09
7/29/17 7:00,-0.894
7/29/17 8:00,-1.012
7/29/17 9:00,-1.249
7/29/17 10:00,-1.281
7/29/17 11:00,-1.289
7/29/17 12:00,1.981
7/29/17 13:00,47.14
7/29/17 14:00,129
7/29/17 15:00,191.1
7/29/17 16:00,235.1
7/29/17 17:00,267.6
7/29/17 18:00,246
7/29/17 19:00,198.8
7/29/17 20:00,178
7/29/17 21:00,111.5
7/29/17 22:00,44.03
7/29/17 23:00,-1.034
7/30/17 0:00,-2.041
7/30/17 1:00,-1.312
7/30/17 2:00,-0.534
7/30/17 3:00,-0.515
7/30/17 4:00,-1.306
7/30/17 5:00,-0.713
7/30/17 6:00,-0.435
7/30/17 7:00,-0.619
7/30/17 8:00,-0.607
7/30/17 9:00,-1.236
7/30/17 10:00,-1.058
7/30/17 11:00,-1.096
7/30/17 12:00,0.853
7/30/17 13:00,33.34
7/30/17 14:00,91.1
7/30/17 15:00,115.5
7/30/17 16:00,121.5
7/30/17 17:00,129.7
7/30/17 18:00,162.1
7/30/17 19:00,240.2
7/30/17 20:00,221.4
7/30/17 21:00,122.2
7/30/17 22:00,53.94
7/30/17 23:00,-0.853
7/31/17 0:00,-2.089
7/31/17 1:00,-1.97
7/31/17 2:00,-0.981
7/31/17 3:00,-0.203
7/31/17 4:00,-0.709
7/31/17 5:00,-0.671
7/31/17 6:00,-0.62
7/31/17 7:00,-0.683
7/31/17 8:00,-1.168
7/31/17 9:00,-1.189
7/31/17 10:00,-0.319
7/31/17 11:00,-0.423
7/31/17 12:00,1.999
7/31/17 13:00,36.75
7/31/17 14:00,82.8
7/31/17 15:00,115
7/31/17 16:00,135
7/31/17 17:00,158.2
7/31/17 18:00,268.9
7/31/17 19:00,227.7
7/31/17 20:00,183.7
7/31/17 21:00,106.6
7/31/17 22:00,50.29
7/31/17 23:00,-0.888
8/1/17 0:00,-1.549
8/1/17 1:00,-1.35
8/1/17 2:00,-1.724
8/1/17 3:00,-1.843
8/1/17 4:00,-2.055
8/1/17 5:00,-1.405
8/1/17 6:00,-0.212
8/1/17 7:00,-0.532
8/1/17 8:00,-1.207
8/1/17 9:00,-0.565
8/1/17 10:00,0.534
8/1/17 11:00,-0.094
8/1/17 12:00,0.545
8/1/17 13:00,7.364
8/1/17 14:00,18.65
8/1/17 15:00,33.54
8/1/17 16:00,32.82
8/1/17 17:00,58.18
8/1/17 18:00,83.9
8/1/17 19:00,74.37
8/1/17 20:00,72.12
8/1/17 21:00,142.7
8/1/17 22:00,61.56
8/1/17 23:00,-0.267
8/2/17 0:00,-0.799
8/2/17 1:00,-0.743
8/2/17 2:00,-0.011
8/2/17 3:00,0.363
8/2/17 4:00,-0.466
8/2/17 5:00,-0.564
8/2/17 6:00,-0.686
8/2/17 7:00,-0.71
8/2/17 8:00,-0.392
8/2/17 9:00,-1.259
8/2/17 10:00,-0.766
8/2/17 11:00,-0.923
8/2/17 12:00,1.641
8/2/17 13:00,43.69
[ nan],nan
[ nan],nan
8/2/17 16:00,77.46
8/2/17 17:00,73.27
8/2/17 18:00,69.15
[ nan],nan
[ nan],nan
[ nan],nan
8/2/17 22:00,21.32
8/2/17 23:00,-2.243
8/3/17 0:00,-1.972
8/3/17 1:00,-2.057
8/3/17 2:00,-1.279
8/3/17 3:00,-1.758
8/3/17 4:00,-1.531
8/3/17 5:00,-0.986
8/3/17 6:00,-2.062
8/3/17 7:00,-1.51
8/3/17 8:00,-1.258
8/3/17 9:00,-2.452
8/3/17 10:00,-1.036
8/3/17 11:00,-1.549
8/3/17 12:00,4.684
8/3/17 13:00,29.28
8/3/17 14:00,46.26
8/3/17 15:00,62.68
8/3/17 16:00,66.26
8/3/17 17:00,95.1
8/3/17 18:00,125.1
8/3/17 19:00,91.1
8/3/17 20:00,70.96
8/3/17 21:00,49.36
8/3/17 22:00,15.57
8/3/17 23:00,-1.828
8/4/17 0:00,-2.58
8/4/17 1:00,-2.528
8/4/17 2:00,-2.012
8/4/17 3:00,-1.821
8/4/17 4:00,-1.857
8/4/17 5:00,-1.694
8/4/17 6:00,0.108
8/4/17 7:00,0.001
8/4/17 8:00,0.085
8/4/17 9:00,-0.264
8/4/17 10:00,-0.208
8/4/17 11:00,0.089
8/4/17 12:00,1.197
8/4/17 13:00,34.43
8/4/17 14:00,77.01
8/4/17 15:00,164.6
8/4/17 16:00,224
8/4/17 17:00,151.6
8/4/17 18:00,147
8/4/17 19:00,135.8
8/4/17 20:00,118.4
8/4/17 21:00,92.6
8/4/17 22:00,38.35
8/4/17 23:00,-0.181
8/5/17 0:00,-0.697
8/5/17 1:00,0.068
8/5/17 2:00,-0.109
8/5/17 3:00,-0.419
8/5/17 4:00,-0.004
8/5/17 5:00,-0.006
8/5/17 6:00,0.013
8/5/17 7:00,-0.314
8/5/17 8:00,-0.007
8/5/17 9:00,-0.322
8/5/17 10:00,-0.209
8/5/17 11:00,-0.118
8/5/17 12:00,0.664
8/5/17 13:00,6.437
8/5/17 14:00,29.27
8/5/17 15:00,45.5
8/5/17 16:00,76.32
8/5/17 17:00,114.1
8/5/17 18:00,199.6
8/5/17 19:00,229.9
8/5/17 20:00,150.2
8/5/17 21:00,75.35
8/5/17 22:00,26.13
8/5/17 23:00,-0.004
8/6/17 0:00,-0.851
8/6/17 1:00,-1.316
8/6/17 2:00,-1.206
8/6/17 3:00,-0.85
8/6/17 4:00,-0.617
8/6/17 5:00,-1.166
8/6/17 6:00,-0.922
8/6/17 7:00,-0.602
8/6/17 8:00,-0.89
8/6/17 9:00,-0.699
8/6/17 10:00,-0.913
8/6/17 11:00,-0.401
8/6/17 12:00,1.584
8/6/17 13:00,36.38
8/6/17 14:00,89.9
8/6/17 15:00,127.4
8/6/17 16:00,162.3
8/6/17 17:00,192.4
8/6/17 18:00,221.6
8/6/17 19:00,124.5
8/6/17 20:00,106.5
8/6/17 21:00,80.2
8/6/17 22:00,31.32
8/6/17 23:00,-1.813
8/7/17 0:00,-1.733
8/7/17 1:00,-1.139
8/7/17 2:00,-0.99
8/7/17 3:00,-0.765
8/7/17 4:00,-0.613
8/7/17 5:00,-0.973
8/7/17 6:00,-0.9
8/7/17 7:00,-0.719
8/7/17 8:00,-0.704
8/7/17 9:00,-0.556
8/7/17 10:00,-0.67
8/7/17 11:00,-0.999
8/7/17 12:00,1.972
8/7/17 13:00,35.74
8/7/17 14:00,127.7
8/7/17 15:00,119.6
8/7/17 16:00,138.4
8/7/17 17:00,243.1
8/7/17 18:00,374
8/7/17 19:00,284.4
8/7/17 20:00,219
8/7/17 21:00,71.01
8/7/17 22:00,18.78
8/7/17 23:00,0.219
8/8/17 0:00,-0.773
8/8/17 1:00,-0.49
8/8/17 2:00,-0.846
8/8/17 3:00,-0.738
8/8/17 4:00,-0.025
8/8/17 5:00,-0.626
8/8/17 6:00,-1.231
8/8/17 7:00,-1.863
8/8/17 8:00,-1.022
8/8/17 9:00,-0.781
8/8/17 10:00,-1.117
8/8/17 11:00,-1.389
8/8/17 12:00,4.494
8/8/17 13:00,72.12
8/8/17 14:00,170.7
8/8/17 15:00,198.7
8/8/17 16:00,256.5
8/8/17 17:00,324
8/8/17 18:00,276.8
8/8/17 19:00,200.9
8/8/17 20:00,141.8
8/8/17 21:00,109.1
8/8/17 22:00,29.34
8/8/17 23:00,-2.499
8/9/17 0:00,-2.348
8/9/17 1:00,-1.439
8/9/17 2:00,-2.158
8/9/17 3:00,-1.353
8/9/17 4:00,-0.511
8/9/17 5:00,-0.315
8/9/17 6:00,-0.952
8/9/17 7:00,-1.376
8/9/17 8:00,-0.756
8/9/17 9:00,-0.444
8/9/17 10:00,-0.784
8/9/17 11:00,-1.12
8/9/17 12:00,2.797
8/9/17 13:00,20.49
8/9/17 14:00,38.35
8/9/17 15:00,65.9
8/9/17 16:00,66.49
8/9/17 17:00,57.3
8/9/17 18:00,77.05
8/9/17 19:00,75.72
8/9/17 20:00,28.94
8/9/17 21:00,13.19
8/9/17 22:00,9.48
8/9/17 23:00,-0.361
8/10/17 0:00,-0.609
8/10/17 1:00,-0.864
8/10/17 2:00,-0.664
8/10/17 3:00,-0.399
8/10/17 4:00,-0.553
8/10/17 5:00,-1.292
8/10/17 6:00,-0.401
8/10/17 7:00,-0.686
8/10/17 8:00,-0.914
8/10/17 9:00,-0.395
8/10/17 10:00,-0.631
8/10/17 11:00,0.125
8/10/17 12:00,0.943
8/10/17 13:00,39.6
8/10/17 14:00,90.4
8/10/17 15:00,149.8
8/10/17 16:00,254
8/10/17 17:00,248.3
8/10/17 18:00,186.5
8/10/17 19:00,81.9
8/10/17 20:00,42.26
8/10/17 21:00,21.13
8/10/17 22:00,2.344
8/10/17 23:00,-0.079
8/11/17 0:00,-0.061
8/11/17 1:00,-0.187
8/11/17 2:00,-0.17
8/11/17 3:00,-0.055
8/11/17 4:00,-0.269
8/11/17 5:00,-0.498
8/11/17 6:00,-0.027
8/11/17 7:00,-0.372
8/11/17 8:00,-0.197
8/11/17 9:00,-0.223
8/11/17 10:00,-0.279
8/11/17 11:00,-0.743
8/11/17 12:00,3.455
8/11/17 13:00,20.35
8/11/17 14:00,90.7
8/11/17 15:00,198.6
8/11/17 16:00,64.81
8/11/17 17:00,111
8/11/17 18:00,65.42
8/11/17 19:00,56.54
8/11/17 20:00,62.25
8/11/17 21:00,48.48
8/11/17 22:00,16.4
8/11/17 23:00,0.26
8/12/17 0:00,-0.613
8/12/17 1:00,-0.423
8/12/17 2:00,-0.695
8/12/17 3:00,-1.015
8/12/17 4:00,-1.074
8/12/17 5:00,-0.694
8/12/17 6:00,-0.843
8/12/17 7:00,-1.013
8/12/17 8:00,-0.969
8/12/17 9:00,-0.614
8/12/17 10:00,-0.495
8/12/17 11:00,-1.206
8/12/17 12:00,7.736
8/12/17 13:00,54.05
8/12/17 14:00,74.63
8/12/17 15:00,111.1
8/12/17 16:00,114.3
8/12/17 17:00,77.03
8/12/17 18:00,99.5
8/12/17 19:00,93.1
8/12/17 20:00,80.8
8/12/17 21:00,66.9
8/12/17 22:00,29.5
8/12/17 23:00,-0.452
8/13/17 0:00,-1.702
8/13/17 1:00,-1.489
8/13/17 2:00,-1.308
8/13/17 3:00,-0.811
8/13/17 4:00,-0.503
8/13/17 5:00,-0.837
8/13/17 6:00,-0.43
8/13/17 7:00,-0.722
8/13/17 8:00,-0.15
8/13/17 9:00,-0.329
8/13/17 10:00,-0.447
8/13/17 11:00,-0.841
8/13/17 12:00,3.895
8/13/17 13:00,34.63
8/13/17 14:00,158
8/13/17 15:00,182.1
8/13/17 16:00,259.8
8/13/17 17:00,242.3
8/13/17 18:00,132
8/13/17 19:00,76.83
8/13/17 20:00,45.63
8/13/17 21:00,47.57
8/13/17 22:00,20.28
8/13/17 23:00,-0.196
8/14/17 0:00,-0.673
8/14/17 1:00,-0.657
8/14/17 2:00,-0.718
8/14/17 3:00,-0.801
8/14/17 4:00,-0.942
8/14/17 5:00,-1.233
8/14/17 6:00,-1.049
8/14/17 7:00,-1.022
8/14/17 8:00,-1.102
8/14/17 9:00,-1.127
8/14/17 10:00,-1.833
8/14/17 11:00,-0.964
8/14/17 12:00,6.419
8/14/17 13:00,30.16
8/14/17 14:00,50.13
8/14/17 15:00,53.48
8/14/17 16:00,52.84
8/14/17 17:00,63.65
8/14/17 18:00,59
8/14/17 19:00,64.47
8/14/17 20:00,56.27
8/14/17 21:00,45.29
8/14/17 22:00,25.76
8/14/17 23:00,-0.294
8/15/17 0:00,-2.265
8/15/17 1:00,-1.727
8/15/17 2:00,-1.752
8/15/17 3:00,-0.752
8/15/17 4:00,-0.69
8/15/17 5:00,-1.136
8/15/17 6:00,-0.9
8/15/17 7:00,-0.89
8/15/17 8:00,-0.796
8/15/17 9:00,-1.033
8/15/17 10:00,-0.325
8/15/17 11:00,-0.425
8/15/17 12:00,4.647
8/15/17 13:00,52.65
8/15/17 14:00,120.7
8/15/17 15:00,175.5
8/15/17 16:00,260.1
8/15/17 17:00,343.5
8/15/17 18:00,276.5
8/15/17 19:00,123.3
8/15/17 20:00,59.41
8/15/17 21:00,39.28
8/15/17 22:00,23.03
8/15/17 23:00,-0.956
8/16/17 0:00,-2.012
8/16/17 1:00,-1.762
8/16/17 2:00,-1.428
8/16/17 3:00,-1.152
8/16/17 4:00,-1.726
8/16/17 5:00,-1.407
8/16/17 6:00,-1.708
8/16/17 7:00,-1.051
8/16/17 8:00,-1.044
8/16/17 9:00,-1.563
8/16/17 10:00,-0.845
8/16/17 11:00,-0.91
8/16/17 12:00,7.465
8/16/17 13:00,40.22
8/16/17 14:00,61.2
8/16/17 15:00,76.47
8/16/17 16:00,80.6
8/16/17 17:00,84.2
8/16/17 18:00,82.8
8/16/17 19:00,75.26
8/16/17 20:00,58.7
8/16/17 21:00,48.74
8/16/17 22:00,31.24
8/16/17 23:00,-0.678
8/17/17 0:00,-2.514
8/17/17 1:00,-2.075
8/17/17 2:00,-1.514
8/17/17 3:00,-1.757
8/17/17 4:00,-1.377
8/17/17 5:00,-1.548
8/17/17 6:00,-1.32
8/17/17 7:00,-1.568
8/17/17 8:00,-1.171
8/17/17 9:00,-1.821
8/17/17 10:00,-0.927
8/17/17 11:00,-1.52
8/17/17 12:00,10.67
8/17/17 13:00,67.01
8/17/17 14:00,71.77
8/17/17 15:00,120
8/17/17 16:00,101.1
8/17/17 17:00,89.7
8/17/17 18:00,82.2
8/17/17 19:00,75.71
8/17/17 20:00,65.15
8/17/17 21:00,51.96
8/17/17 22:00,26.43
8/17/17 23:00,-0.441
8/18/17 0:00,-2.711
8/18/17 1:00,-1.873
8/18/17 2:00,-1.936
8/18/17 3:00,-1.192
8/18/17 4:00,-1.751
8/18/17 5:00,-1.392
8/18/17 6:00,-1.018
8/18/17 7:00,-1.85
8/18/17 8:00,-1.638
8/18/17 9:00,-1.169
8/18/17 10:00,-0.922
8/18/17 11:00,-1.347
8/18/17 12:00,13.95
8/18/17 13:00,76.41
8/18/17 14:00,129.4
8/18/17 15:00,201
8/18/17 16:00,314
8/18/17 17:00,193.5
8/18/17 18:00,62.12
8/18/17 19:00,33.5
8/18/17 20:00,41.92
8/18/17 21:00,30.09
8/18/17 22:00,8.4
8/18/17 23:00,0.159
8/19/17 0:00,0.107
8/19/17 1:00,-0.558
8/19/17 2:00,-0.784
8/19/17 3:00,0
8/19/17 4:00,0.004
8/19/17 5:00,-0.016
8/19/17 6:00,-0.059
8/19/17 7:00,-0.669
8/19/17 8:00,-1.074
8/19/17 9:00,-0.956
8/19/17 10:00,-1.002
8/19/17 11:00,-1.326
8/19/17 12:00,9.52
8/19/17 13:00,55.14
8/19/17 14:00,182.3
8/19/17 15:00,184.3
8/19/17 16:00,212.5
8/19/17 17:00,269.7
8/19/17 18:00,247.7
8/19/17 19:00,176.3
8/19/17 20:00,162.3
8/19/17 21:00,134.5
8/19/17 22:00,47.14
8/19/17 23:00,1.055
8/20/17 0:00,-1.98
8/20/17 1:00,-1.503
8/20/17 2:00,-1.066
8/20/17 3:00,-1.634
8/20/17 4:00,-1.224
8/20/17 5:00,-1.057
8/20/17 6:00,-1.224
8/20/17 7:00,-1.495
8/20/17 8:00,-1.493
8/20/17 9:00,-1.258
8/20/17 10:00,-1.432
8/20/17 11:00,-1.025
8/20/17 12:00,10.27
8/20/17 13:00,40.91
8/20/17 14:00,54.03
8/20/17 15:00,66.87
8/20/17 16:00,80.5
8/20/17 17:00,86.3
8/20/17 18:00,106
8/20/17 19:00,72.6
8/20/17 20:00,96.3
8/20/17 21:00,96.9
8/20/17 22:00,62.06
8/20/17 23:00,1.705
8/21/17 0:00,-2.385
8/21/17 1:00,-2.053
8/21/17 2:00,-2.207
8/21/17 3:00,-1.451
8/21/17 4:00,-2.009
8/21/17 5:00,-1.397
8/21/17 6:00,-1.081
8/21/17 7:00,-1.944
8/21/17 8:00,-1.234
8/21/17 9:00,-1.428
8/21/17 10:00,-1.109
8/21/17 11:00,-1.368
8/21/17 12:00,12.98
8/21/17 13:00,54.37
8/21/17 14:00,68.1
8/21/17 15:00,55.91
8/21/17 16:00,59.04
8/21/17 17:00,61.69
8/21/17 18:00,65.95
8/21/17 19:00,95.2
8/21/17 20:00,140.1
8/21/17 21:00,109
8/21/17 22:00,46.22
8/21/17 23:00,0.346
8/22/17 0:00,-2.008
8/22/17 1:00,-1.263
8/22/17 2:00,-1.345
8/22/17 3:00,-2.323
8/22/17 4:00,-1.324
8/22/17 5:00,-1.205
8/22/17 6:00,-1.644
8/22/17 7:00,-2.175
8/22/17 8:00,-1.306
8/22/17 9:00,-0.984
8/22/17 10:00,-2.178
8/22/17 11:00,-1.121
8/22/17 12:00,19.8
8/22/17 13:00,102.4
8/22/17 14:00,193.7
8/22/17 15:00,231.3
8/22/17 16:00,289.2
8/22/17 17:00,361.8
8/22/17 18:00,311.1
8/22/17 19:00,121.5
8/22/17 20:00,75.42
8/22/17 21:00,62.75
8/22/17 22:00,31.78
8/22/17 23:00,3.548
8/23/17 0:00,-1.124
8/23/17 1:00,-1.698
8/23/17 2:00,-0.901
8/23/17 3:00,-0.97
8/23/17 4:00,-0.967
8/23/17 5:00,-0.907
8/23/17 6:00,-0.607
8/23/17 7:00,-1.308
8/23/17 8:00,0.27
8/23/17 9:00,-0.034
8/23/17 10:00,-0.257
8/23/17 11:00,-0.327
8/23/17 12:00,10.57
8/23/17 13:00,78.8
8/23/17 14:00,169.2
8/23/17 15:00,174
8/23/17 16:00,161.3
8/23/17 17:00,143.8
8/23/17 18:00,138.6
8/23/17 19:00,138.6
8/23/17 20:00,122.1
8/23/17 21:00,79.62
8/23/17 22:00,43.26
8/23/17 23:00,1.944
8/24/17 0:00,-1.38
8/24/17 1:00,-0.585
8/24/17 2:00,-0.658
8/24/17 3:00,-0.6
8/24/17 4:00,-0.781
8/24/17 5:00,-0.641
8/24/17 6:00,-0.109
8/24/17 7:00,-0.022
8/24/17 8:00,-0.037
8/24/17 9:00,0
8/24/17 10:00,-0.117
8/24/17 11:00,-0.281
8/24/17 12:00,5.058
8/24/17 13:00,56.1
8/24/17 14:00,185.9
8/24/17 15:00,287.6
8/24/17 16:00,293.5
8/24/17 17:00,256.5
8/24/17 18:00,141.9
8/24/17 19:00,128
8/24/17 20:00,110.4
8/24/17 21:00,83.2
8/24/17 22:00,44.19
8/24/17 23:00,3.057
8/25/17 0:00,-1.98
8/25/17 1:00,-2.247
8/25/17 2:00,-1.702
8/25/17 3:00,-1.322
8/25/17 4:00,-0.437
8/25/17 5:00,-0.699
8/25/17 6:00,-0.683
8/25/17 7:00,-1.643
8/25/17 8:00,-1.091
8/25/17 9:00,-0.273
8/25/17 10:00,-1.109
8/25/17 11:00,-0.969
8/25/17 12:00,23.53
8/25/17 13:00,114.6
8/25/17 14:00,176.1
8/25/17 15:00,256.7
8/25/17 16:00,256.9
8/25/17 17:00,269.5
8/25/17 18:00,175
8/25/17 19:00,158
8/25/17 20:00,82.9
8/25/17 21:00,54.04
8/25/17 22:00,34.15
8/25/17 23:00,2.336
8/26/17 0:00,-2.252
8/26/17 1:00,-1.959
8/26/17 2:00,-1.615
8/26/17 3:00,-1.552
8/26/17 4:00,-1.33
8/26/17 5:00,-1.622
8/26/17 6:00,-1.694
8/26/17 7:00,-1.29
8/26/17 8:00,-1.173
8/26/17 9:00,-0.969
8/26/17 10:00,-0.376
8/26/17 11:00,-0.442
8/26/17 12:00,11.61
8/26/17 13:00,67.64
8/26/17 14:00,132.6
8/26/17 15:00,151.3
8/26/17 16:00,213.9
8/26/17 17:00,302.7
8/26/17 18:00,355.2
8/26/17 19:00,320.5
8/26/17 20:00,246.7
8/26/17 21:00,166.1
8/26/17 22:00,66.54
8/26/17 23:00,2.539
8/27/17 0:00,-2.246
8/27/17 1:00,-1.566
8/27/17 2:00,-1.162
8/27/17 3:00,-0.91
8/27/17 4:00,-1.223
8/27/17 5:00,-0.995
8/27/17 6:00,-1.466
8/27/17 7:00,-1.181
8/27/17 8:00,0.105
8/27/17 9:00,-0.156
8/27/17 10:00,-0.044
8/27/17 11:00,-0.05
8/27/17 12:00,3.544
8/27/17 13:00,61.34
8/27/17 14:00,134.7
8/27/17 15:00,220.4
8/27/17 16:00,294.5
8/27/17 17:00,284.4
8/27/17 18:00,360
8/27/17 19:00,326.1
8/27/17 20:00,259.8
8/27/17 21:00,113.9
8/27/17 22:00,53.59
8/27/17 23:00,5.686
8/28/17 0:00,-1.031
8/28/17 1:00,-0.61
8/28/17 2:00,-0.689
8/28/17 3:00,-0.699
8/28/17 4:00,-0.672
8/28/17 5:00,-0.698
8/28/17 6:00,-0.68
8/28/17 7:00,-0.561
8/28/17 8:00,-0.302
8/28/17 9:00,0.118
8/28/17 10:00,-0.959
8/28/17 11:00,-0.507
8/28/17 12:00,10.08
8/28/17 13:00,43.93
8/28/17 14:00,101.5
8/28/17 15:00,161.3
8/28/17 16:00,229.7
8/28/17 17:00,347.8
8/28/17 18:00,384.5
8/28/17 19:00,259.7
8/28/17 20:00,111.4
8/28/17 21:00,14.4
8/28/17 22:00,1.804
8/28/17 23:00,-0.411
8/29/17 0:00,-0.699
8/29/17 1:00,-0.699
8/29/17 2:00,-0.374
8/29/17 3:00,-0.003
8/29/17 4:00,0
8/29/17 5:00,-0.049
8/29/17 6:00,0.01
8/29/17 7:00,-0.004
8/29/17 8:00,-0.145
8/29/17 9:00,-0.193
8/29/17 10:00,-0.637
8/29/17 11:00,-0.574
8/29/17 12:00,9.61
8/29/17 13:00,44.82
8/29/17 14:00,56.92
8/29/17 15:00,71.01
8/29/17 16:00,59.9
8/29/17 17:00,67.79
8/29/17 18:00,65.22
8/29/17 19:00,66.14
8/29/17 20:00,55.9
8/29/17 21:00,42.4
8/29/17 22:00,28.17
8/29/17 23:00,1.901
8/30/17 0:00,-2.379
8/30/17 1:00,-1.944
8/30/17 2:00,-1.7
8/30/17 3:00,-1.64
8/30/17 4:00,-1.245
8/30/17 5:00,-1.338
8/30/17 6:00,-1.228
8/30/17 7:00,-1.178
8/30/17 8:00,-1.329
8/30/17 9:00,-1.07
8/30/17 10:00,-1.168
8/30/17 11:00,-1.037
8/30/17 12:00,16.36
8/30/17 13:00,43.34
8/30/17 14:00,57.6
8/30/17 15:00,68.41
8/30/17 16:00,76.7
8/30/17 17:00,79.78
8/30/17 18:00,84.1
8/30/17 19:00,79.03
8/30/17 20:00,61.24
8/30/17 21:00,48.38
8/30/17 22:00,33.3
8/30/17 23:00,1.695
8/31/17 0:00,-2.882
8/31/17 1:00,-1.991
8/31/17 2:00,-1.502
8/31/17 3:00,-1.525
8/31/17 4:00,-1.583
8/31/17 5:00,-2.029
8/31/17 6:00,-1.438
8/31/17 7:00,-1.026
8/31/17 8:00,-1.107
8/31/17 9:00,-1.572
8/31/17 10:00,-1.257
8/31/17 11:00,-0.512
8/31/17 12:00,18.93
8/31/17 13:00,52.74
8/31/17 14:00,67.41
8/31/17 15:00,78.77
8/31/17 16:00,84.6
8/31/17 17:00,89.8
8/31/17 18:00,87
8/31/17 19:00,94.8
8/31/17 20:00,89.8
8/31/17 21:00,73.86
8/31/17 22:00,43.96
8/31/17 23:00,3.524
9/1/17 0:00,-2.396
9/1/17 1:00,-1.353
9/1/17 2:00,-1.827
9/1/17 3:00,-2.182
9/1/17 4:00,-1.336
9/1/17 5:00,-1.257
9/1/17 6:00,-1.963
9/1/17 7:00,-1.639
9/1/17 8:00,-0.031
9/1/17 9:00,0.02
9/1/17 10:00,-0.039
9/1/17 11:00,-0.033
9/1/17 12:00,4.664
9/1/17 13:00,21.09
9/1/17 14:00,90.5
9/1/17 15:00,97.4
9/1/17 16:00,105.2
9/1/17 17:00,222.4
9/1/17 18:00,346.9
9/1/17 19:00,145
9/1/17 20:00,87
9/1/17 21:00,64.31
9/1/17 22:00,45.56
9/1/17 23:00,3.327
9/2/17 0:00,-2.219
9/2/17 1:00,-1.624
9/2/17 2:00,-1.347
9/2/17 3:00,-1.608
9/2/17 4:00,-0.635
9/2/17 5:00,-0.207
9/2/17 6:00,-0.456
9/2/17 7:00,-0.076
9/2/17 8:00,-0.673
9/2/17 9:00,-1.249
9/2/17 10:00,-1.177
9/2/17 11:00,-0.054
9/2/17 12:00,16.08
9/2/17 13:00,108.6
9/2/17 14:00,203.9
9/2/17 15:00,186.6
9/2/17 16:00,162.7
9/2/17 17:00,165.5
9/2/17 18:00,136.2
9/2/17 19:00,124.9
9/2/17 20:00,131
9/2/17 21:00,100.4
9/2/17 22:00,55.29
9/2/17 23:00,5.666
9/3/17 0:00,-0.879
9/3/17 1:00,-0.913
9/3/17 2:00,-0.624
9/3/17 3:00,-0.215
9/3/17 4:00,-0.361
9/3/17 5:00,-0.418
9/3/17 6:00,-0.255
9/3/17 7:00,-0.804
9/3/17 8:00,-0.719
9/3/17 9:00,-0.862
9/3/17 10:00,-0.656
9/3/17 11:00,-0.845
9/3/17 12:00,4.582
9/3/17 13:00,31.72
9/3/17 14:00,72.88
9/3/17 15:00,68.13
9/3/17 16:00,110.4
9/3/17 17:00,141.8
9/3/17 18:00,135.2
9/3/17 19:00,118
9/3/17 20:00,199.8
9/3/17 21:00,123.8
9/3/17 22:00,55.84
9/3/17 23:00,4.43
9/4/17 0:00,-0.763
9/4/17 1:00,-1.128
9/4/17 2:00,-1.381
9/4/17 3:00,-0.956
9/4/17 4:00,-0.921
9/4/17 5:00,-1.258
9/4/17 6:00,-1.407
9/4/17 7:00,-1.64
9/4/17 8:00,-1.076
9/4/17 9:00,-0.954
9/4/17 10:00,-1.137
9/4/17 11:00,-0.544
9/4/17 12:00,22.01
9/4/17 13:00,50.72
9/4/17 14:00,63.33
9/4/17 15:00,71.24
9/4/17 16:00,70.1
9/4/17 17:00,76.08
9/4/17 18:00,83.2
9/4/17 19:00,85.9
9/4/17 20:00,78.36
9/4/17 21:00,53.03
9/4/17 22:00,32.76
9/4/17 23:00,3.657
9/5/17 0:00,-2.671
9/5/17 1:00,-1.894
9/5/17 2:00,-1.455
9/5/17 3:00,-2.031
9/5/17 4:00,-1.21
9/5/17 5:00,-0.843
9/5/17 6:00,-1.106
9/5/17 7:00,-1.23
9/5/17 8:00,-0.789
9/5/17 9:00,-1.411
9/5/17 10:00,-1.525
9/5/17 11:00,-0.251
9/5/17 12:00,32.78
9/5/17 13:00,127.8
9/5/17 14:00,218.9
9/5/17 15:00,294.8
9/5/17 16:00,342.1
9/5/17 17:00,374.4
9/5/17 18:00,360.6
9/5/17 19:00,325.8
9/5/17 20:00,244.6
9/5/17 21:00,152.8
9/5/17 22:00,67.23
9/5/17 23:00,5.747
9/6/17 0:00,-1.961
9/6/17 1:00,-1.381
9/6/17 2:00,-1.186
9/6/17 3:00,-1.333
9/6/17 4:00,-1.276
9/6/17 5:00,-1.682
9/6/17 6:00,-1.558
9/6/17 7:00,-1.019
9/6/17 8:00,-1.364
9/6/17 9:00,-1.857
9/6/17 10:00,-1.106
9/6/17 11:00,-0.516
9/6/17 12:00,29.03
9/6/17 13:00,112.8
9/6/17 14:00,158
9/6/17 15:00,237.5
9/6/17 16:00,243.5
9/6/17 17:00,321.2
9/6/17 18:00,323.3
9/6/17 19:00,390.4
9/6/17 20:00,289.2
9/6/17 21:00,170.1
9/6/17 22:00,76.25
9/6/17 23:00,8.74
9/7/17 0:00,-1.597
9/7/17 1:00,-1.183
9/7/17 2:00,-1.469
9/7/17 3:00,-1.233
9/7/17 4:00,-1.124
9/7/17 5:00,-1.469
9/7/17 6:00,-1.551
9/7/17 7:00,-1.38
9/7/17 8:00,-0.945
9/7/17 9:00,-1.9
9/7/17 10:00,-1.309
9/7/17 11:00,-0.387
9/7/17 12:00,29.07
9/7/17 13:00,69.8
9/7/17 14:00,99.3
9/7/17 15:00,124
9/7/17 16:00,134.5
9/7/17 17:00,129.3
9/7/17 18:00,130
9/7/17 19:00,117.2
9/7/17 20:00,105.4
9/7/17 21:00,134.7
9/7/17 22:00,91.3
9/7/17 23:00,7.085
9/8/17 0:00,-1.721
9/8/17 1:00,-1.642
9/8/17 2:00,-0.749
9/8/17 3:00,-0.543
9/8/17 4:00,-0.515
9/8/17 5:00,-0.566
9/8/17 6:00,-0.184
9/8/17 7:00,-0.403
9/8/17 8:00,-0.639
9/8/17 9:00,-0.408
9/8/17 10:00,-0.041
9/8/17 11:00,0.017
9/8/17 12:00,16.29
9/8/17 13:00,83.6
9/8/17 14:00,80.4
9/8/17 15:00,115.4
9/8/17 16:00,178.7
9/8/17 17:00,299.3
9/8/17 18:00,131.6
9/8/17 19:00,75.34
9/8/17 20:00,62.19
9/8/17 21:00,104.9
9/8/17 22:00,40.61
9/8/17 23:00,4.184
9/9/17 0:00,-0.699
9/9/17 1:00,-0.67
9/9/17 2:00,-0.775
9/9/17 3:00,-0.699
9/9/17 4:00,-0.695
9/9/17 5:00,-0.678
9/9/17 6:00,-1.002
9/9/17 7:00,-0.756
9/9/17 8:00,-0.768
9/9/17 9:00,-0.699
9/9/17 10:00,-0.637
9/9/17 11:00,-0.258
9/9/17 12:00,22
9/9/17 13:00,81.6
9/9/17 14:00,138.6
9/9/17 15:00,255
9/9/17 16:00,219.1
9/9/17 17:00,163.7
9/9/17 18:00,221.1
9/9/17 19:00,178.5
9/9/17 20:00,29.55
9/9/17 21:00,19.42
9/9/17 22:00,39.73
9/9/17 23:00,7.723
9/10/17 0:00,-1.017
9/10/17 1:00,-1.022
9/10/17 2:00,-0.729
9/10/17 3:00,-0.551
9/10/17 4:00,-0.459
9/10/17 5:00,-0.609
9/10/17 6:00,-0.477
9/10/17 7:00,-0.636
9/10/17 8:00,-0.362
9/10/17 9:00,-0.616
9/10/17 10:00,-0.625
9/10/17 11:00,-1.079
9/10/17 12:00,4.806
9/10/17 13:00,14.4
9/10/17 14:00,133.3
9/10/17 15:00,278.4
9/10/17 16:00,321.8
9/10/17 17:00,388.8
9/10/17 18:00,333.2
9/10/17 19:00,71.67
9/10/17 20:00,39.28
9/10/17 21:00,103.9
9/10/17 22:00,74.48
9/10/17 23:00,12.23
9/11/17 0:00,-1.07
9/11/17 1:00,-0.97
9/11/17 2:00,-0.812
9/11/17 3:00,-0.927
9/11/17 4:00,-0.944
9/11/17 5:00,-0.971
9/11/17 6:00,-1.04
9/11/17 7:00,-0.92
9/11/17 8:00,-1.58
9/11/17 9:00,-0.534
9/11/17 10:00,-0.552
9/11/17 11:00,0.554
9/11/17 12:00,27.41
9/11/17 13:00,83.3
9/11/17 14:00,139.8
9/11/17 15:00,271.1
9/11/17 16:00,246.5
9/11/17 17:00,247.9
9/11/17 18:00,200.6
9/11/17 19:00,195.7
9/11/17 20:00,156.9
9/11/17 21:00,106.3
9/11/17 22:00,52.09
9/11/17 23:00,5.18
9/12/17 0:00,-0.899
9/12/17 1:00,-0.734
9/12/17 2:00,-0.673
9/12/17 3:00,-0.306
9/12/17 4:00,-0.622
9/12/17 5:00,-0.711
9/12/17 6:00,-0.699
9/12/17 7:00,-0.676
9/12/17 8:00,-0.55
9/12/17 9:00,-1.068
9/12/17 10:00,-0.541
9/12/17 11:00,0.501
9/12/17 12:00,47.25
9/12/17 13:00,123.4
9/12/17 14:00,190.5
9/12/17 15:00,165.8
9/12/17 16:00,185.8
9/12/17 17:00,170.3
9/12/17 18:00,152.5
9/12/17 19:00,142.5
9/12/17 20:00,126
9/12/17 21:00,91.3
9/12/17 22:00,62.63
9/12/17 23:00,10.15
9/13/17 0:00,-1.735
9/13/17 1:00,-0.46
9/13/17 2:00,-0.353
9/13/17 3:00,-0.382
9/13/17 4:00,-0.348
9/13/17 5:00,-0.305
9/13/17 6:00,-0.161
9/13/17 7:00,-0.087
9/13/17 8:00,-0.298
9/13/17 9:00,-0.235
9/13/17 10:00,-0.402
9/13/17 11:00,0.344
9/13/17 12:00,27.13
9/13/17 13:00,131.2
9/13/17 14:00,190.3
9/13/17 15:00,347.7
9/13/17 16:00,328.3
9/13/17 17:00,344.1
9/13/17 18:00,202.8
9/13/17 19:00,187.3
9/13/17 20:00,135.1
9/13/17 21:00,126.6
9/13/17 22:00,82.3
9/13/17 23:00,7.73
9/14/17 0:00,-2.145
9/14/17 1:00,-2.111
9/14/17 2:00,-1.747
9/14/17 3:00,-1.503
9/14/17 4:00,-1.746
9/14/17 5:00,-1.595
9/14/17 6:00,-0.502
9/14/17 7:00,0.507
9/14/17 8:00,-0.401
9/14/17 9:00,-0.651
9/14/17 10:00,-0.526
9/14/17 11:00,0.187
9/14/17 12:00,11.27
9/14/17 13:00,69.28
9/14/17 14:00,288.1
9/14/17 15:00,362.7
9/14/17 16:00,237.8
9/14/17 17:00,328.1
9/14/17 18:00,307
9/14/17 19:00,153.5
9/14/17 20:00,131.1
9/14/17 21:00,110.3
9/14/17 22:00,64.98
9/14/17 23:00,10.21
9/15/17 0:00,-2.33
9/15/17 1:00,-1.985
9/15/17 2:00,-1.708
9/15/17 3:00,-1.635
9/15/17 4:00,-1.576
9/15/17 5:00,-1.4
9/15/17 6:00,-1.476
9/15/17 7:00,-1.412
9/15/17 8:00,-0.943
9/15/17 9:00,-1.208
9/15/17 10:00,-1.119
9/15/17 11:00,0.71
9/15/17 12:00,40.31
9/15/17 13:00,78.16
9/15/17 14:00,96.9
9/15/17 15:00,112.7
9/15/17 16:00,125.4
9/15/17 17:00,129.7
9/15/17 18:00,117.5
9/15/17 19:00,106.6
9/15/17 20:00,85.1
9/15/17 21:00,56.04
9/15/17 22:00,35.13
9/15/17 23:00,7.258
9/16/17 0:00,-3.395
9/16/17 1:00,-3.079
9/16/17 2:00,-2.439
9/16/17 3:00,-1.769
9/16/17 4:00,-1.735
9/16/17 5:00,-2.234
9/16/17 6:00,-1.608
9/16/17 7:00,-1.488
9/16/17 8:00,-1.518
9/16/17 9:00,-1.308
9/16/17 10:00,-1.46
9/16/17 11:00,1.455
9/16/17 12:00,26.69
9/16/17 13:00,42.04
9/16/17 14:00,49.07
9/16/17 15:00,55.6
9/16/17 16:00,58.75
9/16/17 17:00,57.89
9/16/17 18:00,55.93
9/16/17 19:00,57.47
9/16/17 20:00,58.31
9/16/17 21:00,42.81
9/16/17 22:00,36.14
9/16/17 23:00,6.795
9/17/17 0:00,-3.541
9/17/17 1:00,-2.578
9/17/17 2:00,-2.727
9/17/17 3:00,-2.847
9/17/17 4:00,-1.942
9/17/17 5:00,-2.221
9/17/17 6:00,-1.559
9/17/17 7:00,-0.984
9/17/17 8:00,-0.874
9/17/17 9:00,-1.356
9/17/17 10:00,-1.023
9/17/17 11:00,1.542
9/17/17 12:00,29
9/17/17 13:00,47.81
9/17/17 14:00,57.55
9/17/17 15:00,67.11
9/17/17 16:00,86.4
9/17/17 17:00,89.9
9/17/17 18:00,87.6
9/17/17 19:00,78.97
9/17/17 20:00,71.29
9/17/17 21:00,76.44
9/17/17 22:00,65.1
9/17/17 23:00,8.17
9/18/17 0:00,-2.622
9/18/17 1:00,-2.184
9/18/17 2:00,-1.91
9/18/17 3:00,-1.378
9/18/17 4:00,-1.578
9/18/17 5:00,-1.592
9/18/17 6:00,-1.525
9/18/17 7:00,-1.457
9/18/17 8:00,-0.951
9/18/17 9:00,-1.14
9/18/17 10:00,-0.343
9/18/17 11:00,0.921
9/18/17 12:00,24.56
9/18/17 13:00,85.6
9/18/17 14:00,239
9/18/17 15:00,280.8
9/18/17 16:00,422.7
9/18/17 17:00,175.8
9/18/17 18:00,134.4
9/18/17 19:00,127.6
9/18/17 20:00,131
9/18/17 21:00,102.7
9/18/17 22:00,64.83
9/18/17 23:00,12
9/19/17 0:00,-1.674
9/19/17 1:00,-1.378
9/19/17 2:00,-1.14
9/19/17 3:00,-0.075
9/19/17 4:00,-0.021
9/19/17 5:00,-0.255
9/19/17 6:00,-0.441
9/19/17 7:00,-0.149
9/19/17 8:00,-0.146
9/19/17 9:00,-0.014
9/19/17 10:00,-0.007
9/19/17 11:00,0.354
9/19/17 12:00,8.93
9/19/17 13:00,30.18
9/19/17 14:00,80.2
9/19/17 15:00,125.6
9/19/17 16:00,173.1
9/19/17 17:00,210.8
9/19/17 18:00,236.9
9/19/17 19:00,282
9/19/17 20:00,209.6
9/19/17 21:00,74.68
9/19/17 22:00,46.53
9/19/17 23:00,6.903
9/20/17 0:00,-0.619
9/20/17 1:00,-0.768
9/20/17 2:00,-1.329
9/20/17 3:00,-1.235
9/20/17 4:00,-0.205
9/20/17 5:00,-0.365
9/20/17 6:00,-0.704
9/20/17 7:00,-0.594
9/20/17 8:00,-0.142
9/20/17 9:00,-0.204
9/20/17 10:00,-0.625
9/20/17 11:00,2.092
9/20/17 12:00,57.88
9/20/17 13:00,148.3
9/20/17 14:00,193.7
9/20/17 15:00,265
9/20/17 16:00,259.4
9/20/17 17:00,308.9
9/20/17 18:00,249
9/20/17 19:00,124.6
9/20/17 20:00,114.1
9/20/17 21:00,91.9
9/20/17 22:00,57.72
9/20/17 23:00,12.03
9/21/17 0:00,-2.095
9/21/17 1:00,-2.221
9/21/17 2:00,-1.919
9/21/17 3:00,-1.197
9/21/17 4:00,-1.593
9/21/17 5:00,-1.225
9/21/17 6:00,-1.352
9/21/17 7:00,-1.319
9/21/17 8:00,-1.09
9/21/17 9:00,-1.402
9/21/17 10:00,-1.209
9/21/17 11:00,3.044
9/21/17 12:00,42.9
9/21/17 13:00,67.93
9/21/17 14:00,88.5
9/21/17 15:00,102
9/21/17 16:00,111.6
9/21/17 17:00,116.9
9/21/17 18:00,117.8
9/21/17 19:00,120
9/21/17 20:00,92.1
9/21/17 21:00,67.51
9/21/17 22:00,51.73
9/21/17 23:00,7.893
9/22/17 0:00,-2.533
9/22/17 1:00,-2.069
9/22/17 2:00,-1.783
9/22/17 3:00,-2.05
9/22/17 4:00,-1.546
9/22/17 5:00,-1.512
9/22/17 6:00,-1.201
9/22/17 7:00,-1.231
9/22/17 8:00,-2.011
9/22/17 9:00,-1.021
9/22/17 10:00,-1.905
9/22/17 11:00,3.457
9/22/17 12:00,41.2
9/22/17 13:00,66.57
9/22/17 14:00,82.6
9/22/17 15:00,89.2
9/22/17 16:00,88.5
9/22/17 17:00,99.5
9/22/17 18:00,104.7
9/22/17 19:00,98.5
9/22/17 20:00,69.32
9/22/17 21:00,77.09
9/22/17 22:00,89.3
9/22/17 23:00,7.769
9/23/17 0:00,-2.337
9/23/17 1:00,-2.277
9/23/17 2:00,-1.84
9/23/17 3:00,-1.815
9/23/17 4:00,-1.722
9/23/17 5:00,-1.577
9/23/17 6:00,-1.612
9/23/17 7:00,-1.542
9/23/17 8:00,-1.92
9/23/17 9:00,-1.831
9/23/17 10:00,-1.016
9/23/17 11:00,3.593
9/23/17 12:00,35.44
9/23/17 13:00,59.72
9/23/17 14:00,67.54
9/23/17 15:00,73.83
9/23/17 16:00,85.8
9/23/17 17:00,96.5
9/23/17 18:00,105.2
9/23/17 19:00,114.6
9/23/17 20:00,119.6
9/23/17 21:00,92
9/23/17 22:00,91.3
9/23/17 23:00,15.53
9/24/17 0:00,-2.072
9/24/17 1:00,-1.795
9/24/17 2:00,-2.062
9/24/17 3:00,-1.035
9/24/17 4:00,-1.725
9/24/17 5:00,-1.383
9/24/17 6:00,-0.931
9/24/17 7:00,-0.67
9/24/17 8:00,-0.653
9/24/17 9:00,-0.349
9/24/17 10:00,-0.161
9/24/17 11:00,3.571
9/24/17 12:00,55.41
9/24/17 13:00,86.3
9/24/17 14:00,87.6
9/24/17 15:00,96.1
9/24/17 16:00,118
9/24/17 17:00,242.1
9/24/17 18:00,314
9/24/17 19:00,312.2
9/24/17 20:00,215.9
9/24/17 21:00,165.9
9/24/17 22:00,122.2
9/24/17 23:00,12.78
9/25/17 0:00,-2.439
9/25/17 1:00,-2.233
9/25/17 2:00,-1.673
9/25/17 3:00,-0.983
9/25/17 4:00,-0.889
9/25/17 5:00,-1.655
9/25/17 6:00,-1.392
9/25/17 7:00,-1.309
9/25/17 8:00,-0.905
9/25/17 9:00,-0.927
9/25/17 10:00,-1.165
9/25/17 11:00,7.134
9/25/17 12:00,76.79
9/25/17 13:00,192.6
9/25/17 14:00,214.7
9/25/17 15:00,256.8
9/25/17 16:00,338.7
9/25/17 17:00,330.2
9/25/17 18:00,207.6
9/25/17 19:00,239.8
9/25/17 20:00,269.9
9/25/17 21:00,148.7
9/25/17 22:00,111.4
9/25/17 23:00,22.88
9/26/17 0:00,-2.477
9/26/17 1:00,-2.119
9/26/17 2:00,-2.036
9/26/17 3:00,-1.549
9/26/17 4:00,-1.696
9/26/17 5:00,-1.519
9/26/17 6:00,-1.154
9/26/17 7:00,-0.936
9/26/17 8:00,-1.013
9/26/17 9:00,-0.676
9/26/17 10:00,-0.77
9/26/17 11:00,6.55
9/26/17 12:00,69.01
9/26/17 13:00,169.2
9/26/17 14:00,248
9/26/17 15:00,307.4
9/26/17 16:00,453.2
9/26/17 17:00,349.9
9/26/17 18:00,276.5
9/26/17 19:00,357.4
9/26/17 20:00,229.3
9/26/17 21:00,85.9
9/26/17 22:00,56.6
9/26/17 23:00,14.14
9/27/17 0:00,-2.586
9/27/17 1:00,-2.402
9/27/17 2:00,-1.595
9/27/17 3:00,-1.652
9/27/17 4:00,-1.478
9/27/17 5:00,-1.321
9/27/17 6:00,-0.883
9/27/17 7:00,-1.041
9/27/17 8:00,-0.788
9/27/17 9:00,-0.335
9/27/17 10:00,-1.049
9/27/17 11:00,7.066
9/27/17 12:00,78.26
9/27/17 13:00,156.3
9/27/17 14:00,226.5
9/27/17 15:00,322
9/27/17 16:00,366
9/27/17 17:00,354.5
9/27/17 18:00,331.9
9/27/17 19:00,202.8
9/27/17 20:00,174.6
9/27/17 21:00,149.6
9/27/17 22:00,68.76
9/27/17 23:00,13.34
9/28/17 0:00,-1.346
9/28/17 1:00,-0.843
9/28/17 2:00,-0.907
9/28/17 3:00,-0.998
9/28/17 4:00,-1.361
9/28/17 5:00,-1.332
9/28/17 6:00,-0.56
9/28/17 7:00,-0.701
9/28/17 8:00,-0.564
9/28/17 9:00,-0.418
9/28/17 10:00,-0.844
9/28/17 11:00,4.996
9/28/17 12:00,68.63
9/28/17 13:00,142.6
9/28/17 14:00,222.5
9/28/17 15:00,275.5
9/28/17 16:00,268.8
9/28/17 17:00,243.2
9/28/17 18:00,302
9/28/17 19:00,235.8
9/28/17 20:00,225.9
9/28/17 21:00,149.9
9/28/17 22:00,84.9
9/28/17 23:00,20.25
9/29/17 0:00,-1.137
9/29/17 1:00,-0.325
9/29/17 2:00,-0.894
9/29/17 3:00,-0.644
9/29/17 4:00,-0.384
9/29/17 5:00,-0.038
9/29/17 6:00,-0.8
9/29/17 7:00,-0.342
9/29/17 8:00,-0.575
9/29/17 9:00,-0.331
9/29/17 10:00,-0.782
9/29/17 11:00,2.13
9/29/17 12:00,22.28
9/29/17 13:00,91.4
9/29/17 14:00,178.7
9/29/17 15:00,327.9
9/29/17 16:00,350
9/29/17 17:00,377.2
9/29/17 18:00,407.4
9/29/17 19:00,385.7
9/29/17 20:00,307.9
9/29/17 21:00,205.4
9/29/17 22:00,91
9/29/17 23:00,11.39
9/30/17 0:00,-1.446
9/30/17 1:00,-1.419
9/30/17 2:00,-1.201
9/30/17 3:00,-1.04
9/30/17 4:00,-0.996
9/30/17 5:00,-0.981
9/30/17 6:00,-0.777
9/30/17 7:00,-0.433
9/30/17 8:00,-0.676
9/30/17 9:00,-1.075
9/30/17 10:00,-0.715
9/30/17 11:00,3.496
9/30/17 12:00,35.31
9/30/17 13:00,36.92
9/30/17 14:00,23.68
9/30/17 15:00,46.7
9/30/17 16:00,118.7
9/30/17 17:00,247.2
9/30/17 18:00,126.3
9/30/17 19:00,114.4
9/30/17 20:00,66.65
9/30/17 21:00,77.36
9/30/17 22:00,72.82
9/30/17 23:00,11.72
10/1/17 0:00,-1.049
10/1/17 1:00,-0.752
10/1/17 2:00,-0.641
10/1/17 3:00,-0.731
10/1/17 4:00,-0.475
10/1/17 5:00,-0.573
10/1/17 6:00,-0.624
10/1/17 7:00,0
10/1/17 8:00,-0.011
10/1/17 9:00,-0.189
10/1/17 10:00,-0.294
10/1/17 11:00,4.577
10/1/17 12:00,96.1
10/1/17 13:00,214.6
10/1/17 14:00,240.3
10/1/17 15:00,317.9
10/1/17 16:00,294.2
10/1/17 17:00,249.3
10/1/17 18:00,165
10/1/17 19:00,125.4
10/1/17 20:00,88.8
10/1/17 21:00,73.52
10/1/17 22:00,53.95
10/1/17 23:00,15.33
10/2/17 0:00,-2.134
10/2/17 1:00,-1.986
10/2/17 2:00,-1.775
10/2/17 3:00,-1.684
10/2/17 4:00,-1.217
10/2/17 5:00,-1.288
10/2/17 6:00,-0.871
10/2/17 7:00,-1.179
10/2/17 8:00,-0.953
10/2/17 9:00,-1.539
10/2/17 10:00,-1.232
10/2/17 11:00,14.21
10/2/17 12:00,77.73
10/2/17 13:00,197.8
10/2/17 14:00,325.8
10/2/17 15:00,348.4
10/2/17 16:00,261.4
10/2/17 17:00,391.4
10/2/17 18:00,320.5
10/2/17 19:00,354.6
10/2/17 20:00,241.4
10/2/17 21:00,158.6
10/2/17 22:00,67.78
10/2/17 23:00,14.72
10/3/17 0:00,-1.064
10/3/17 1:00,-0.833
10/3/17 2:00,-0.576
10/3/17 3:00,-0.922
10/3/17 4:00,-0.82
10/3/17 5:00,-0.899
10/3/17 6:00,-1.563
10/3/17 7:00,-1.491
10/3/17 8:00,-1.062
10/3/17 9:00,-1.421
10/3/17 10:00,-1.16
10/3/17 11:00,16.57
10/3/17 12:00,112.7
10/3/17 13:00,116.2
10/3/17 14:00,223.2
10/3/17 15:00,271.7
10/3/17 16:00,201.6
10/3/17 17:00,301.1
10/3/17 18:00,321.4
10/3/17 19:00,326.1
10/3/17 20:00,288.5
10/3/17 21:00,213.6
10/3/17 22:00,110.5
10/3/17 23:00,19.92
10/4/17 0:00,-1.728
10/4/17 1:00,-1.559
10/4/17 2:00,-1.467
10/4/17 3:00,-1.07
10/4/17 4:00,-0.808
10/4/17 5:00,-1.214
10/4/17 6:00,-1.539
10/4/17 7:00,-1.903
10/4/17 8:00,-0.96
10/4/17 9:00,-0.762
10/4/17 10:00,-0.558
10/4/17 11:00,7.305
10/4/17 12:00,47.93
10/4/17 13:00,109.4
10/4/17 14:00,189.6
10/4/17 15:00,290.1
10/4/17 16:00,366.6
10/4/17 17:00,404.3
10/4/17 18:00,408.1
10/4/17 19:00,365.5
10/4/17 20:00,310.3
10/4/17 21:00,204.3
10/4/17 22:00,77.43
10/4/17 23:00,8.21
10/5/17 0:00,-1.314
10/5/17 1:00,-0.742
10/5/17 2:00,-0.523
10/5/17 3:00,0.059
10/5/17 4:00,-0.167
10/5/17 5:00,0
10/5/17 6:00,0.066
10/5/17 7:00,0.053
10/5/17 8:00,-0.047
10/5/17 9:00,0.018
10/5/17 10:00,-0.047
10/5/17 11:00,8.95
10/5/17 12:00,43.55
10/5/17 13:00,104.5
10/5/17 14:00,137.3
10/5/17 15:00,369.4
10/5/17 16:00,495.5
10/5/17 17:00,412.7
10/5/17 18:00,470
10/5/17 19:00,572.1
10/5/17 20:00,260.2
10/5/17 21:00,155.6
10/5/17 22:00,65.72
10/5/17 23:00,17.98
10/6/17 0:00,-1.665
10/6/17 1:00,-1.74
10/6/17 2:00,-1.412
10/6/17 3:00,-0.969
10/6/17 4:00,0.074
10/6/17 5:00,-0.311
10/6/17 6:00,-1.24
10/6/17 7:00,-1.719
10/6/17 8:00,-1.374
10/6/17 9:00,-0.808
10/6/17 10:00,-0.744
10/6/17 11:00,11.45
10/6/17 12:00,55.4
10/6/17 13:00,84.9
10/6/17 14:00,112.6
10/6/17 15:00,92.3
10/6/17 16:00,84.1
10/6/17 17:00,83.5
10/6/17 18:00,95.5
10/6/17 19:00,100
10/6/17 20:00,76.03
10/6/17 21:00,57.3
10/6/17 22:00,48.49
10/6/17 23:00,19.12
10/7/17 0:00,-2.595
10/7/17 1:00,-2.261
10/7/17 2:00,-1.785
10/7/17 3:00,-1.265
10/7/17 4:00,-1.869
10/7/17 5:00,-1.555
10/7/17 6:00,-1.286
10/7/17 7:00,-1.132
10/7/17 8:00,-1.735
10/7/17 9:00,-1.914
10/7/17 10:00,-0.903
10/7/17 11:00,14.94
10/7/17 12:00,59.24
10/7/17 13:00,88.6
10/7/17 14:00,116.7
10/7/17 15:00,261.3
10/7/17 16:00,284.2
10/7/17 17:00,262.7
10/7/17 18:00,260.8
10/7/17 19:00,194.3
10/7/17 20:00,165
10/7/17 21:00,138.8
10/7/17 22:00,23.87
10/7/17 23:00,1.605
10/8/17 0:00,-0.698
10/8/17 1:00,-0.649
10/8/17 2:00,-0.699
10/8/17 3:00,-0.69
10/8/17 4:00,-0.673
10/8/17 5:00,-0.699
10/8/17 6:00,-0.267
10/8/17 7:00,-0.129
10/8/17 8:00,-0.648
10/8/17 9:00,-0.692
10/8/17 10:00,-1.277
10/8/17 11:00,18.48
10/8/17 12:00,90.2
10/8/17 13:00,193.4
10/8/17 14:00,254
10/8/17 15:00,196.3
10/8/17 16:00,332.7
10/8/17 17:00,123.7
10/8/17 18:00,114.7
10/8/17 19:00,100.2
10/8/17 20:00,82.3
10/8/17 21:00,68.27
10/8/17 22:00,48.84
10/8/17 23:00,16.75
10/9/17 0:00,-2.204
10/9/17 1:00,-1.99
10/9/17 2:00,-1.899
10/9/17 3:00,-1.658
10/9/17 4:00,-1.399
10/9/17 5:00,-1.351
10/9/17 6:00,-1.082
10/9/17 7:00,-1.123
10/9/17 8:00,-1.227
10/9/17 9:00,-1.14
10/9/17 10:00,-1.024
10/9/17 11:00,21.75
10/9/17 12:00,105.4
10/9/17 13:00,189.4
10/9/17 14:00,253.5
10/9/17 15:00,276.7
10/9/17 16:00,427.3
10/9/17 17:00,431.1
10/9/17 18:00,229.2
10/9/17 19:00,82.9
10/9/17 20:00,67.87
10/9/17 21:00,61.68
10/9/17 22:00,99.3
10/9/17 23:00,24.94
10/10/17 0:00,-1.59
10/10/17 1:00,-1.192
10/10/17 2:00,-1.169
10/10/17 3:00,-1.463
10/10/17 4:00,-1.739
10/10/17 5:00,-1.424
10/10/17 6:00,-1.396
10/10/17 7:00,-1.023
10/10/17 8:00,-1.081
10/10/17 9:00,-0.686
10/10/17 10:00,-0.915
10/10/17 11:00,19.17
10/10/17 12:00,74.6
10/10/17 13:00,180.9
10/10/17 14:00,210.9
10/10/17 15:00,197.6
10/10/17 16:00,151.1
10/10/17 17:00,115.3
10/10/17 18:00,97.3
10/10/17 19:00,98.8
10/10/17 20:00,226
10/10/17 21:00,202.1
10/10/17 22:00,76.13
10/10/17 23:00,21.18
10/11/17 0:00,-2.135
10/11/17 1:00,-2.276
10/11/17 2:00,-1.808
10/11/17 3:00,-1.755
10/11/17 4:00,-1.685
10/11/17 5:00,-1.73
10/11/17 6:00,-1.409
10/11/17 7:00,-1.295
10/11/17 8:00,-0.912
10/11/17 9:00,-1.032
10/11/17 10:00,-1.422
10/11/17 11:00,23.69
10/11/17 12:00,116.4
10/11/17 13:00,192.6
10/11/17 14:00,215.1
10/11/17 15:00,240.4
10/11/17 16:00,266
10/11/17 17:00,363.3
10/11/17 18:00,384.9
10/11/17 19:00,311.9
10/11/17 20:00,298.3
10/11/17 21:00,242.4
10/11/17 22:00,108.5
10/11/17 23:00,31.5
10/12/17 0:00,-0.803
10/12/17 1:00,-0.989
10/12/17 2:00,-1.504
10/12/17 3:00,-1.515
10/12/17 4:00,-0.55
10/12/17 5:00,-0.621
10/12/17 6:00,-0.352
10/12/17 7:00,-0.618
10/12/17 8:00,-0.697
10/12/17 9:00,-0.614
10/12/17 10:00,-1.09
10/12/17 11:00,24.29
10/12/17 12:00,63.75
10/12/17 13:00,80
10/12/17 14:00,85.3
10/12/17 15:00,94.5
10/12/17 16:00,112.8
10/12/17 17:00,132.6
10/12/17 18:00,136
10/12/17 19:00,116.6
10/12/17 20:00,76.38
10/12/17 21:00,67.01
10/12/17 22:00,52.15
10/12/17 23:00,21.16
10/13/17 0:00,-2.04
10/13/17 1:00,-2.141
10/13/17 2:00,-1.93
10/13/17 3:00,-1.785
10/13/17 4:00,-1.721
10/13/17 5:00,-1.131
10/13/17 6:00,-1.115
10/13/17 7:00,-1.288
10/13/17 8:00,-1.121
10/13/17 9:00,-1.238
10/13/17 10:00,-1.207
10/13/17 11:00,17.16
10/13/17 12:00,52.23
10/13/17 13:00,68.98
10/13/17 14:00,81.9
10/13/17 15:00,87.2
10/13/17 16:00,99.3
10/13/17 17:00,117.5
10/13/17 18:00,107.3
10/13/17 19:00,78.19
10/13/17 20:00,74.52
10/13/17 21:00,64.46
10/13/17 22:00,50.21
10/13/17 23:00,20.28
10/14/17 0:00,-2.198
10/14/17 1:00,-2.551
10/14/17 2:00,-1.687
10/14/17 3:00,-1.478
10/14/17 4:00,-1.624
10/14/17 5:00,-1.311
10/14/17 6:00,-1.75
10/14/17 7:00,-1.149
10/14/17 8:00,-1.64
10/14/17 9:00,-1.28
10/14/17 10:00,-1.09
10/14/17 11:00,15.86
10/14/17 12:00,43.98
10/14/17 13:00,59.63
10/14/17 14:00,68.61
10/14/17 15:00,75.71
10/14/17 16:00,91.8
10/14/17 17:00,92.2
10/14/17 18:00,96.3
10/14/17 19:00,79.19
10/14/17 20:00,65.79
10/14/17 21:00,57.63
10/14/17 22:00,40.74
10/14/17 23:00,17.55
10/15/17 0:00,-3.164
10/15/17 1:00,-2.714
10/15/17 2:00,-2.345
10/15/17 3:00,-2.063
10/15/17 4:00,-1.817
10/15/17 5:00,-1.568
10/15/17 6:00,-1.473
10/15/17 7:00,-1.806
10/15/17 8:00,-1.41
10/15/17 9:00,-0.932
10/15/17 10:00,-0.893
10/15/17 11:00,21.84
10/15/17 12:00,63
10/15/17 13:00,87.6
10/15/17 14:00,103.4
10/15/17 15:00,111
10/15/17 16:00,105.9
10/15/17 17:00,98.9
10/15/17 18:00,95.1
10/15/17 19:00,93.3
10/15/17 20:00,85.9
10/15/17 21:00,85.4
10/15/17 22:00,52.53
10/15/17 23:00,19.16
10/16/17 0:00,-2.924
10/16/17 1:00,-2.293
10/16/17 2:00,-1.566
10/16/17 3:00,-2.149
10/16/17 4:00,-2.254
10/16/17 5:00,-2.386
10/16/17 6:00,-1.764
10/16/17 7:00,-2.101
10/16/17 8:00,-1.669
10/16/17 9:00,-1.063
10/16/17 10:00,-0.708
10/16/17 11:00,16.83
10/16/17 12:00,64.25
10/16/17 13:00,127.8
10/16/17 14:00,320.3
10/16/17 15:00,431.5
10/16/17 16:00,169.6
10/16/17 17:00,174.7
10/16/17 18:00,264.3
10/16/17 19:00,132.6
10/16/17 20:00,121.4
10/16/17 21:00,101.8
10/16/17 22:00,78.05
10/16/17 23:00,28.89
10/17/17 0:00,-2.151
10/17/17 1:00,-2.098
10/17/17 2:00,-1.781
10/17/17 3:00,-1.624
10/17/17 4:00,-1.398
10/17/17 5:00,-1.646
10/17/17 6:00,-1.161
10/17/17 7:00,-1.074
10/17/17 8:00,-0.938
10/17/17 9:00,-1.192
10/17/17 10:00,-1.299
10/17/17 11:00,39.97
10/17/17 12:00,157.2
10/17/17 13:00,274
10/17/17 14:00,334.4
10/17/17 15:00,441.1
10/17/17 16:00,508
10/17/17 17:00,503.9
10/17/17 18:00,472.2
10/17/17 19:00,265.7
10/17/17 20:00,169.1
10/17/17 21:00,120.2
10/17/17 22:00,80.9
10/17/17 23:00,23.51
10/18/17 0:00,-1.098
10/18/17 1:00,-1.072
10/18/17 2:00,-1.02
10/18/17 3:00,-0.931
10/18/17 4:00,-0.761
10/18/17 5:00,-0.842
10/18/17 6:00,-0.759
10/18/17 7:00,-0.432
10/18/17 8:00,-0.247
10/18/17 9:00,-0.176
10/18/17 10:00,0.057
10/18/17 11:00,4.578
10/18/17 12:00,29.25
10/18/17 13:00,66.32
10/18/17 14:00,86.7
10/18/17 15:00,264.6
10/18/17 16:00,342.8
10/18/17 17:00,298.5
10/18/17 18:00,260.1
10/18/17 19:00,164
10/18/17 20:00,143.4
10/18/17 21:00,109
10/18/17 22:00,71.92
10/18/17 23:00,25.54
10/19/17 0:00,-2.246
10/19/17 1:00,-2.67
10/19/17 2:00,-1.663
10/19/17 3:00,-1.543
10/19/17 4:00,-1.58
10/19/17 5:00,-1.327
10/19/17 6:00,-1.92
10/19/17 7:00,-1.249
10/19/17 8:00,-1.039
10/19/17 9:00,-1.437
10/19/17 10:00,-0.356
10/19/17 11:00,21.15
10/19/17 12:00,54.48
10/19/17 13:00,74.01
10/19/17 14:00,82.7
10/19/17 15:00,90.7
10/19/17 16:00,101.6
10/19/17 17:00,145.4
10/19/17 18:00,169.4
10/19/17 19:00,180.5
10/19/17 20:00,130.1
10/19/17 21:00,294.2
10/19/17 22:00,165.8
10/19/17 23:00,60.98
10/20/17 0:00,-2.54
10/20/17 1:00,-2.062
10/20/17 2:00,-1.584
10/20/17 3:00,-1.349
10/20/17 4:00,-1.076
10/20/17 5:00,-1.107
10/20/17 6:00,-1.216
10/20/17 7:00,-1.021
10/20/17 8:00,-1.084
10/20/17 9:00,-0.826
10/20/17 10:00,-0.546
10/20/17 11:00,19.51
10/20/17 12:00,79.15
10/20/17 13:00,123.7
10/20/17 14:00,174.5
10/20/17 15:00,208.2
10/20/17 16:00,123.6
10/20/17 17:00,199.3
10/20/17 18:00,195.2
10/20/17 19:00,139.9
10/20/17 20:00,100.3
10/20/17 21:00,82.3
10/20/17 22:00,60.62
10/20/17 23:00,24.07
10/21/17 0:00,0.104
10/21/17 1:00,-1.247
10/21/17 2:00,-1.644
10/21/17 3:00,-1.568
10/21/17 4:00,-1.535
10/21/17 5:00,-1.35
10/21/17 6:00,-1.126
10/21/17 7:00,-0.847
10/21/17 8:00,-0.948
10/21/17 9:00,-0.937
10/21/17 10:00,-0.736
10/21/17 11:00,28.29
10/21/17 12:00,71.88
10/21/17 13:00,89.5
10/21/17 14:00,94.2
10/21/17 15:00,108.1
10/21/17 16:00,113.5
10/21/17 17:00,106.7
10/21/17 18:00,76.11
10/21/17 19:00,65.14
10/21/17 20:00,61.96
10/21/17 21:00,56.84
10/21/17 22:00,45.35
10/21/17 23:00,20.26
10/22/17 0:00,-2.934
10/22/17 1:00,-3.134
10/22/17 2:00,-2.557
10/22/17 3:00,-2.397
10/22/17 4:00,-2.513
10/22/17 5:00,-1.696
10/22/17 6:00,-1.952
10/22/17 7:00,-1.27
10/22/17 8:00,-0.802
10/22/17 9:00,-1.007
10/22/17 10:00,-0.48
10/22/17 11:00,33.53
10/22/17 12:00,83.9
10/22/17 13:00,113.7
10/22/17 14:00,203.5
10/22/17 15:00,377.5
10/22/17 16:00,431.1
10/22/17 17:00,239.8
10/22/17 18:00,219.5
10/22/17 19:00,97.6
10/22/17 20:00,78.23
10/22/17 21:00,82
10/22/17 22:00,149.6
10/22/17 23:00,44.81
10/23/17 0:00,-1.955
10/23/17 1:00,-2.088
10/23/17 2:00,-1.492
10/23/17 3:00,-1.537
10/23/17 4:00,-1.56
10/23/17 5:00,-0.734
10/23/17 6:00,-1.279
10/23/17 7:00,-1.558
10/23/17 8:00,-1.369
10/23/17 9:00,-0.957
10/23/17 10:00,-0.167
10/23/17 11:00,42.34
10/23/17 12:00,136.7
10/23/17 13:00,159.6
10/23/17 14:00,114.8
10/23/17 15:00,78.01
10/23/17 16:00,95.6
10/23/17 17:00,91
10/23/17 18:00,140.6
10/23/17 19:00,214.4
10/23/17 20:00,172.6
10/23/17 21:00,154.1
10/23/17 22:00,111.2
10/23/17 23:00,35.76
10/24/17 0:00,-1.885
10/24/17 1:00,-1.936
10/24/17 2:00,-2.021
10/24/17 3:00,-1.418
10/24/17 4:00,-1.818
10/24/17 5:00,-1.968
10/24/17 6:00,-1.547
10/24/17 7:00,-1.707
10/24/17 8:00,-1.518
10/24/17 9:00,-1.658
10/24/17 10:00,-0.544
10/24/17 11:00,44.9
10/24/17 12:00,73.18
10/24/17 13:00,73.01
10/24/17 14:00,114.4
10/24/17 15:00,147.9
10/24/17 16:00,103.2
10/24/17 17:00,99.6
10/24/17 18:00,82.7
10/24/17 19:00,78.37
10/24/17 20:00,81.1
10/24/17 21:00,74.52
10/24/17 22:00,62.49
10/24/17 23:00,28.39
10/25/17 0:00,-1.535
10/25/17 1:00,-2.126
10/25/17 2:00,-1.772
10/25/17 3:00,-1.723
10/25/17 4:00,-1.711
10/25/17 5:00,-1.04
10/25/17 6:00,-1.121
10/25/17 7:00,-1.13
10/25/17 8:00,-1.719
10/25/17 9:00,-1.685
10/25/17 10:00,-0.335
10/25/17 11:00,24.57
10/25/17 12:00,58.52
10/25/17 13:00,74.43
10/25/17 14:00,92.3
10/25/17 15:00,104.2
10/25/17 16:00,121.2
10/25/17 17:00,116.1
10/25/17 18:00,102.4
10/25/17 19:00,91.2
10/25/17 20:00,150.9
10/25/17 21:00,122.7
10/25/17 22:00,61.4
10/25/17 23:00,28.47
10/26/17 0:00,-1.48
10/26/17 1:00,-1.951
10/26/17 2:00,-1.671
10/26/17 3:00,-1.559
10/26/17 4:00,-1.572
10/26/17 5:00,-1.487
10/26/17 6:00,-1.438
10/26/17 7:00,-1.267
10/26/17 8:00,-1.577
10/26/17 9:00,-1.375
10/26/17 10:00,-0.394
10/26/17 11:00,45.57
10/26/17 12:00,124.8
10/26/17 13:00,302.6
10/26/17 14:00,320.6
10/26/17 15:00,202.6
10/26/17 16:00,166.7
10/26/17 17:00,162
10/26/17 18:00,166.9
10/26/17 19:00,194.4
10/26/17 20:00,120.1
10/26/17 21:00,116.8
10/26/17 22:00,90
10/26/17 23:00,35.78
10/27/17 0:00,-1.342
10/27/17 1:00,-1.817
10/27/17 2:00,-1.472
10/27/17 3:00,-1.494
10/27/17 4:00,-1.576
10/27/17 5:00,-1.165
10/27/17 6:00,-0.977
10/27/17 7:00,-1.219
10/27/17 8:00,-1.18
10/27/17 9:00,-1.521
10/27/17 10:00,0.213
10/27/17 11:00,41.17
10/27/17 12:00,88.4
10/27/17 13:00,114.5
10/27/17 14:00,123.6
10/27/17 15:00,165
10/27/17 16:00,168.5
10/27/17 17:00,201.3
10/27/17 18:00,199.8
10/27/17 19:00,221.5
10/27/17 20:00,259.5
10/27/17 21:00,215.9
10/27/17 22:00,139.7
10/27/17 23:00,54.71
10/28/17 0:00,-1.445
10/28/17 1:00,-1.852
10/28/17 2:00,-1.659
10/28/17 3:00,-1.468
10/28/17 4:00,-1.704
10/28/17 5:00,-1.582
10/28/17 6:00,-1.426
10/28/17 7:00,-1.752
10/28/17 8:00,-1.553
10/28/17 9:00,-1.508
10/28/17 10:00,-0.078
10/28/17 11:00,40.32
10/28/17 12:00,94.7
10/28/17 13:00,121.3
10/28/17 14:00,302.7
10/28/17 15:00,450.7
10/28/17 16:00,250.1
10/28/17 17:00,183.5
10/28/17 18:00,141.6
10/28/17 19:00,116.8
10/28/17 20:00,128.7
10/28/17 21:00,146.5
10/28/17 22:00,97.4
10/28/17 23:00,38.6
10/29/17 0:00,-0.149
10/29/17 1:00,-0.7
10/29/17 2:00,-0.782
10/29/17 3:00,-0.699
10/29/17 4:00,-0.699
10/29/17 5:00,-0.519
10/29/17 6:00,-0.349
10/29/17 7:00,-0.043
10/29/17 8:00,-0.06
10/29/17 9:00,-0.171
10/29/17 10:00,0.181
10/29/17 11:00,8.42
10/29/17 12:00,23.88
10/29/17 13:00,50.72
10/29/17 14:00,68.55
10/29/17 15:00,74.78
10/29/17 16:00,237.8
10/29/17 17:00,318.2
10/29/17 18:00,522.3
10/29/17 19:00,406.4
10/29/17 20:00,391.5
10/29/17 21:00,220.2
10/29/17 22:00,88.6
10/29/17 23:00,27.63
10/30/17 0:00,-0.716
10/30/17 1:00,-1.78
10/30/17 2:00,-1.662
10/30/17 3:00,-1.698
10/30/17 4:00,-1.621
10/30/17 5:00,-1.383
10/30/17 6:00,-1.622
10/30/17 7:00,-1.419
10/30/17 8:00,-1.141
10/30/17 9:00,-1.368
10/30/17 10:00,0.753
10/30/17 11:00,34.76
10/30/17 12:00,93.2
10/30/17 13:00,122.9
10/30/17 14:00,88.6
10/30/17 15:00,81.7
10/30/17 16:00,90.4
10/30/17 17:00,85.4
10/30/17 18:00,80.6
10/30/17 19:00,71.23
10/30/17 20:00,76.66
10/30/17 21:00,72.28
10/30/17 22:00,59.4
10/30/17 23:00,29.9
10/31/17 0:00,-1.498
10/31/17 1:00,-2.384
10/31/17 2:00,-2.126
10/31/17 3:00,-1.741
10/31/17 4:00,-1.756
10/31/17 5:00,-2.018
10/31/17 6:00,-1.747
10/31/17 7:00,-1.328
10/31/17 8:00,-1.185
10/31/17 9:00,-1.016
10/31/17 10:00,1.026
10/31/17 11:00,61.32
10/31/17 12:00,160.3
10/31/17 13:00,220.4
10/31/17 14:00,351.2
10/31/17 15:00,395.3
10/31/17 16:00,377.8
10/31/17 17:00,495.2
10/31/17 18:00,462.4
10/31/17 19:00,405.5
10/31/17 20:00,341.1
10/31/17 21:00,232
10/31/17 22:00,124.1
10/31/17 23:00,37.7
11/1/17 0:00,-0.587
11/1/17 1:00,-1.083
11/1/17 2:00,-0.95
11/1/17 3:00,-0.877
11/1/17 4:00,-0.862
11/1/17 5:00,-0.7
11/1/17 6:00,-0.699
11/1/17 7:00,-0.699
11/1/17 8:00,-0.331
11/1/17 9:00,-0.467
11/1/17 10:00,-0.2
11/1/17 11:00,27.34
11/1/17 12:00,65.01
11/1/17 13:00,109.5
11/1/17 14:00,145.7
11/1/17 15:00,162
11/1/17 16:00,173.5
11/1/17 17:00,235.8
11/1/17 18:00,227.1
11/1/17 19:00,226.3
11/1/17 20:00,175.1
11/1/17 21:00,100.9
11/1/17 22:00,51.77
11/1/17 23:00,6.986
11/2/17 0:00,-0.593
11/2/17 1:00,-0.666
11/2/17 2:00,-0.705
11/2/17 3:00,-0.699
11/2/17 4:00,-0.688
11/2/17 5:00,-0.699
11/2/17 6:00,-0.699
11/2/17 7:00,-0.289
11/2/17 8:00,-0.689
11/2/17 9:00,-0.777
11/2/17 10:00,0.813
11/2/17 11:00,36.12
11/2/17 12:00,110.7
11/2/17 13:00,205.1
11/2/17 14:00,281.2
11/2/17 15:00,336.7
11/2/17 16:00,240.2
11/2/17 17:00,294.5
11/2/17 18:00,478.1
11/2/17 19:00,421
11/2/17 20:00,173.3
11/2/17 21:00,87.1
11/2/17 22:00,41.76
11/2/17 23:00,17.13
11/3/17 0:00,0.189
11/3/17 1:00,-0.324
11/3/17 2:00,-0.331
11/3/17 3:00,-0.609
11/3/17 4:00,-1.007
11/3/17 5:00,-1.022
11/3/17 6:00,-0.866
11/3/17 7:00,-0.788
11/3/17 8:00,-0.81
11/3/17 9:00,-0.786
11/3/17 10:00,0.439
11/3/17 11:00,28.25
11/3/17 12:00,92.6
11/3/17 13:00,175.7
11/3/17 14:00,322.1
11/3/17 15:00,447.2
11/3/17 16:00,391.3
11/3/17 17:00,465
11/3/17 18:00,349.2
11/3/17 19:00,200.5
11/3/17 20:00,86.8
11/3/17 21:00,68.51
11/3/17 22:00,59.8
11/3/17 23:00,42.19
11/4/17 0:00,1.172
11/4/17 1:00,-1.878
11/4/17 2:00,-1.672
11/4/17 3:00,-0.913
11/4/17 4:00,-1.273
11/4/17 5:00,-0.813
11/4/17 6:00,-0.744
11/4/17 7:00,-0.857
11/4/17 8:00,-1.048
11/4/17 9:00,-0.676
11/4/17 10:00,0.6
11/4/17 11:00,24.11
11/4/17 12:00,79.57
11/4/17 13:00,159.5
11/4/17 14:00,226.4
11/4/17 15:00,255.3
11/4/17 16:00,316.9
11/4/17 17:00,355.9
11/4/17 18:00,275.4
11/4/17 19:00,310.1
11/4/17 20:00,242.4
11/4/17 21:00,122.3
11/4/17 22:00,81.5
11/4/17 23:00,27.69
11/5/17 0:00,-0.533
11/5/17 1:00,-1.177
11/5/17 2:00,-0.867
11/5/17 3:00,-0.977
11/5/17 4:00,-0.985
11/5/17 5:00,-0.706
11/5/17 6:00,-0.863
11/5/17 7:00,-0.322
11/5/17 8:00,-1.12
11/5/17 9:00,-0.306
11/5/17 10:00,1.397
11/5/17 11:00,44.74
11/5/17 12:00,157.6
11/5/17 13:00,208.7
11/5/17 14:00,106.9
11/5/17 15:00,80.1
11/5/17 16:00,84
11/5/17 17:00,88.1
11/5/17 18:00,84.9
11/5/17 19:00,153.5
11/5/17 20:00,316.3
11/5/17 21:00,244
11/5/17 22:00,148.3
11/5/17 23:00,61.55
11/6/17 0:00,-0.292
11/6/17 1:00,-1.801
11/6/17 2:00,-1.549
11/6/17 3:00,-1.579
11/6/17 4:00,-0.886
11/6/17 5:00,-0.854
11/6/17 6:00,-1.39
11/6/17 7:00,-1.443
11/6/17 8:00,-1.064
11/6/17 9:00,-1.352
11/6/17 10:00,2.668
11/6/17 11:00,66.88
11/6/17 12:00,146.8
11/6/17 13:00,218.4
11/6/17 14:00,285.5
11/6/17 15:00,339.2
11/6/17 16:00,463
11/6/17 17:00,404.8
11/6/17 18:00,372.9
11/6/17 19:00,338.3
11/6/17 20:00,220.8
11/6/17 21:00,127.5
11/6/17 22:00,60.09
11/6/17 23:00,38.87
11/7/17 0:00,0.786
11/7/17 1:00,-0.697
11/7/17 2:00,-1.256
11/7/17 3:00,-1.913
11/7/17 4:00,-1.163
11/7/17 5:00,-0.316
11/7/17 6:00,0.04
11/7/17 7:00,-0.238
11/7/17 8:00,-0.123
11/7/17 9:00,-0.288
11/7/17 10:00,0.533
11/7/17 11:00,15.98
11/7/17 12:00,47.38
11/7/17 13:00,129.9
11/7/17 14:00,191.1
11/7/17 15:00,412.6
11/7/17 16:00,404.2
11/7/17 17:00,612.1
11/7/17 18:00,572.8
11/7/17 19:00,484.8
11/7/17 20:00,321.9
11/7/17 21:00,197.6
11/7/17 22:00,111.5
11/7/17 23:00,34.02
11/8/17 0:00,0.581
11/8/17 1:00,-0.756
11/8/17 2:00,-0.958
11/8/17 3:00,-0.675
11/8/17 4:00,-0.819
11/8/17 5:00,-0.554
11/8/17 6:00,-0.752
11/8/17 7:00,-0.667
11/8/17 8:00,-0.783
11/8/17 9:00,-0.289
11/8/17 10:00,1.857
11/8/17 11:00,32.66
11/8/17 12:00,98.1
11/8/17 13:00,232.6
11/8/17 14:00,355.1
11/8/17 15:00,488.2
11/8/17 16:00,440
11/8/17 17:00,409.8
11/8/17 18:00,464.4
11/8/17 19:00,290.1
11/8/17 20:00,290.2
11/8/17 21:00,203.8
11/8/17 22:00,174.6
11/8/17 23:00,61.24
11/9/17 0:00,1.47
11/9/17 1:00,-2.461
11/9/17 2:00,-1.633
11/9/17 3:00,-1.68
11/9/17 4:00,-1.24
11/9/17 5:00,-0.758
11/9/17 6:00,-0.897
11/9/17 7:00,-0.89
11/9/17 8:00,-0.698
11/9/17 9:00,-0.772
11/9/17 10:00,0.653
11/9/17 11:00,38.81
11/9/17 12:00,118.5
11/9/17 13:00,96.1
11/9/17 14:00,91.6
11/9/17 15:00,97.8
11/9/17 16:00,90.4
11/9/17 17:00,94.6
11/9/17 18:00,85.2
11/9/17 19:00,75.26
11/9/17 20:00,68.67
11/9/17 21:00,71.95
11/9/17 22:00,64.01
11/9/17 23:00,37.29
11/10/17 0:00,1.887
11/10/17 1:00,-2.408
11/10/17 2:00,-2.345
11/10/17 3:00,-1.471
11/10/17 4:00,-1.234
11/10/17 5:00,-1.398
11/10/17 6:00,-1.332
11/10/17 7:00,-1.352
11/10/17 8:00,-1.421
11/10/17 9:00,-1.367
11/10/17 10:00,1.758
11/10/17 11:00,33.2
11/10/17 12:00,59.72
11/10/17 13:00,68.77
11/10/17 14:00,83.6
11/10/17 15:00,94.3
11/10/17 16:00,87.3
11/10/17 17:00,75.52
11/10/17 18:00,91.4
11/10/17 19:00,110.3
11/10/17 20:00,73.01
11/10/17 21:00,68.22
11/10/17 22:00,58.09
11/10/17 23:00,34.74
11/11/17 0:00,1.159
11/11/17 1:00,-2.953
11/11/17 2:00,-2.635
11/11/17 3:00,-2.63
11/11/17 4:00,-2.706
11/11/17 5:00,-2.077
11/11/17 6:00,-1.694
11/11/17 7:00,-1.938
11/11/17 8:00,-1.161
11/11/17 9:00,-1.509
11/11/17 10:00,2.508
11/11/17 11:00,34.23
11/11/17 12:00,54.17
11/11/17 13:00,65.6
11/11/17 14:00,69.65
11/11/17 15:00,75.84
11/11/17 16:00,89
11/11/17 17:00,90
11/11/17 18:00,75.3
11/11/17 19:00,76.13
11/11/17 20:00,74.2
11/11/17 21:00,67.29
11/11/17 22:00,57.69
11/11/17 23:00,34.62
11/12/17 0:00,1.161
11/12/17 1:00,-2.662
11/12/17 2:00,-2.189
11/12/17 3:00,-2.229
11/12/17 4:00,-1.95
11/12/17 5:00,-2.133
11/12/17 6:00,-1.62
11/12/17 7:00,-1.12
11/12/17 8:00,-0.948
11/12/17 9:00,-0.825
11/12/17 10:00,2.481
11/12/17 11:00,39.52
11/12/17 12:00,63.89
11/12/17 13:00,79.77
11/12/17 14:00,97.9
11/12/17 15:00,107.4
11/12/17 16:00,98.5
11/12/17 17:00,98.7
11/12/17 18:00,102.7
11/12/17 19:00,108.8
11/12/17 20:00,91.6
11/12/17 21:00,83.4
11/12/17 22:00,65.7
11/12/17 23:00,38.78
